filename,class
B20230924152834_jpg.rf.fe61aa07ea9be942541e84e8f786eeea.jpg,Copra_Grade_B
C20230924165334_jpg.rf.ff68058b42bbb8ac1924aed610072ab0.jpg,Copra_Grade_C
B20230924160616_jpg.rf.fee176fc0f41557b947d5b90bdac21e4.jpg,Copra_Grade_B
A20230924140146_jpg.rf.ff53b02e9476397a10cca71dd92534b4.jpg,Copra_Grade_A
A20230924135928_jpg.rf.b6f28edf0185811b87a5ac38c449f479.jpg,Copra_Grade_A
C20230924161719_jpg.rf.b70fa3d8cd70c073b240083d0dcca7b7.jpg,Copra_Grade_C
B20230924160059_jpg.rf.b79eacc9fb50faca1ca714babf519687.jpg,Copra_Grade_B
B20230924155718_jpg.rf.b8210a5752a1afb6ba3ea28477a05738.jpg,Copra_Grade_B
B20230924153514_jpg.rf.b943ab2a1014919dfbc18ed699b14f6c.jpg,Copra_Grade_B
A20230924141208_jpg.rf.b8803b407304ded3172aac97abe6b6c8.jpg,Copra_Grade_A
A20230924140945_jpg.rf.b878d6852e359cc5fab27dbb99fb4767.jpg,Copra_Grade_A
A20230924141057_jpg.rf.b989e4f20ea3d29991ed30dd00a166d7.jpg,Copra_Grade_A
C20230924162346_jpg.rf.b9eb568d1b15c2d26c3aa4fe4fc1beba.jpg,Copra_Grade_C
C20230924165347_jpg.rf.b748f4a3e477a11cffd20ee20143f104.jpg,Copra_Grade_C
A20230924140045_jpg.rf.b73195162022bdce4f76153a70e677d5.jpg,Copra_Grade_A
C20230924162816_jpg.rf.b950dcc9043ebd25780e839c6a0da296.jpg,Copra_Grade_C
A20230924141258_jpg.rf.b9c8b3b8dce1091aae0200416bd34930.jpg,Copra_Grade_A
A20230924141613_jpg.rf.b704aaa93820c29cd7eda7f8e8dc4a67.jpg,Copra_Grade_A
A20230924142520_jpg.rf.b94ea816714d2f93bb45af45ff7b03a9.jpg,Copra_Grade_A
A20230924140249_jpg.rf.b9200d8f46421344deb0481ae6b65a03.jpg,Copra_Grade_A
C20230924164524_jpg.rf.ba3d1afda15688ca2120d4ee44b08e5f.jpg,Copra_Grade_C
C20230924161544_jpg.rf.bc9809406f809ec4e756c5a7202e6ea6.jpg,Copra_Grade_C
A20230924141754_jpg.rf.bb16550d34536522d32ac73878953787.jpg,Copra_Grade_A
A20230924143004_jpg.rf.b9fb4026cb0227883bb02debdd334626.jpg,Copra_Grade_A
B20230924155340_jpg.rf.ba97a511c634ceb7e65de6dffd09dbdc.jpg,Copra_Grade_B
C20230924162358_jpg.rf.bc316f6f45258aa192d9dcd00983720b.jpg,Copra_Grade_C
B20230924153122_jpg.rf.bc37e34433ab339b545936869b13300a.jpg,Copra_Grade_B
B20230924155241_jpg.rf.bb842f9bea6fff4c7c69b33d0ee4ceba.jpg,Copra_Grade_B
C20230924161723_jpg.rf.baca617ecca4483c07f4f631ee3cced3.jpg,Copra_Grade_C
C20230924164435_jpg.rf.bd41118e6643d53adaf2ea5e05d9788f.jpg,Copra_Grade_C
A20230924141534_jpg.rf.bddf54fadd0af9e9fa991153bbfc0cda.jpg,Copra_Grade_A
B20230924160346_jpg.rf.bd92848cb0ad00ac3992b214c3faf26f.jpg,Copra_Grade_B
C20230924164407_jpg.rf.c10ea4fc98157a696c6bd7327ec4de71.jpg,Copra_Grade_C
B20230924154352_jpg.rf.bfbda7e0c11db49d72cb5f8d6ba56aa3.jpg,Copra_Grade_B
A20230924142442_jpg.rf.c1f9a6f0798b20c0f551166c329027c6.jpg,Copra_Grade_A
B20230924153326_jpg.rf.bdf70b180c4ae7a1b21033a50b02b0d3.jpg,Copra_Grade_B
A20230924141309_jpg.rf.be1581ba676a8d05e74717a059c12ca3.jpg,Copra_Grade_A
C20230924165529_jpg.rf.bd66d9fd9b8e297cae8e0b0485c542c4.jpg,Copra_Grade_C
C20230924162232_jpg.rf.c3a8e00883502686f8f2d0f5ed22d07f.jpg,Copra_Grade_C
C20230924162321_jpg.rf.c01771aa6b5db40ed848b9c43c22b124.jpg,Copra_Grade_C
A20230924142607_jpg.rf.be7f18ee97845b06c0f7a96fca114778.jpg,Copra_Grade_A
C20230924162350_jpg.rf.c311e8f70da8f000d9ad0ce6a6532d1c.jpg,Copra_Grade_C
B20230924153755_jpg.rf.c3f4ba905c09e536df87c30a2bac61ad.jpg,Copra_Grade_B
C20230924162603_jpg.rf.be97281648529324fe1b7b88db31989f.jpg,Copra_Grade_C
C20230924165205_jpg.rf.c1516223890bd4df48171e478e1344d0.jpg,Copra_Grade_C
B20230924155817_jpg.rf.c3c183575539685eb40cd618bb21393d.jpg,Copra_Grade_B
C20230924161816_jpg.rf.c4f680dc8a66fadf392311ed02163449.jpg,Copra_Grade_C
C20230924162957_jpg.rf.c268315c07f8c43a3b6bb25255208fbe.jpg,Copra_Grade_C
B20230924154500_jpg.rf.c40adffc46f218f56fbe0b9fb7b51c1d.jpg,Copra_Grade_B
A20230924141008_jpg.rf.c265d16fa9c247553ce101db99b2c852.jpg,Copra_Grade_A
C20230924162039_jpg.rf.c098adaf532c4f1293c65a56d75ae3ce.jpg,Copra_Grade_C
B20230924160631_jpg.rf.c3200d5f166bef515c321b40e8965692.jpg,Copra_Grade_B
B20230924155944_jpg.rf.c53e770b1e6ee221a15cbfd7ab42be47.jpg,Copra_Grade_B
B20230924160128_jpg.rf.c5428f4461088fbcc1eb943d84aedcf9.jpg,Copra_Grade_B
A20230924142254_jpg.rf.c60b102ff9234b2dbb0964f34d8f7eb2.jpg,Copra_Grade_A
C20230924164716_jpg.rf.c5ec3a08849d7604aea5ce918f7ba674.jpg,Copra_Grade_C
A20230924141510_jpg.rf.bf62554b0f39221c0a6386840438280d.jpg,Copra_Grade_A
A20230924135051_jpg.rf.c74eb45a872d9e4bdf7f03f172cf01a1.jpg,Copra_Grade_A
B20230924160526_jpg.rf.c92185991f3e4eae81046877b175914d.jpg,Copra_Grade_B
C20230924165523_jpg.rf.c5fa6e7afe634bb27ef5e388690e4720.jpg,Copra_Grade_C
A20230924135738_jpg.rf.c84fe1728ae611db8ef326aa44572971.jpg,Copra_Grade_A
B20230924155048_jpg.rf.c991d32bb7eea57b520765cb182464f0.jpg,Copra_Grade_B
A20230924134923_jpg.rf.c8f8cab8cb31be03b2e14a2204bf4eef.jpg,Copra_Grade_A
C20230924163448_jpg.rf.c6a210421bbbf337f4d904eff272f199.jpg,Copra_Grade_C
A20230924143025_jpg.rf.beefefdc23807762c45d8199bde3994c.jpg,Copra_Grade_A
A20230924142936_jpg.rf.c94386cc9eaee66ba700a39e4c22d93b.jpg,Copra_Grade_A
A20230924141033_jpg.rf.ca1a67b48ca74039fb5d917791eb813a.jpg,Copra_Grade_A
C20230924161609_jpg.rf.c977a3afb682d50179eb13c5cb1ec9f0.jpg,Copra_Grade_C
B20230924160733_jpg.rf.cb6e3f906718e007f45486a055667812.jpg,Copra_Grade_B
B20230924154707_jpg.rf.c9b718e410caa87f18b64b90d280880e.jpg,Copra_Grade_B
A20230924135833_jpg.rf.cb88a7e84236e1b7a1f5efec9aa42efc.jpg,Copra_Grade_A
C20230924165112_jpg.rf.cb29cfe790cc3af21412af8ed00a5dd5.jpg,Copra_Grade_C
C20230924162753_jpg.rf.cb9ec228c86d70387d958c49b0cb61b5.jpg,Copra_Grade_C
A20230924134958_jpg.rf.cb6f19137e262bb22c1d4392c6cbbf89.jpg,Copra_Grade_A
A20230924140314_jpg.rf.ca1a6ad17c4c8e18fe2a871526e78ac3.jpg,Copra_Grade_A
C20230924162644_jpg.rf.ca2a93c11d3e7eae59ed1133950f82f8.jpg,Copra_Grade_C
A20230924141930_jpg.rf.c15d37f30c7281f7b3163d850d7031e7.jpg,Copra_Grade_A
B20230924154812_jpg.rf.cbee866951100248ebb0d39fdbb86283.jpg,Copra_Grade_B
A20230924140958_jpg.rf.cac4db2155f37cbe02b7ea4c10333a07.jpg,Copra_Grade_A
A20230924135754_jpg.rf.cbac8f3b795bbd96e2ecbe2dccf9c1ce.jpg,Copra_Grade_A
C20230924164629_jpg.rf.cc3680d3949bb61dbf2b099597579fb3.jpg,Copra_Grade_C
A20230924143152_jpg.rf.cccf674f9d71a04e0c19669e4d64cfb5.jpg,Copra_Grade_A
C20230924164656_jpg.rf.cc55a9c7e321392b927e75e5d3dc53da.jpg,Copra_Grade_C
A20230924140025_jpg.rf.cdbeb7d1ac2a3403ad1341d2f9fc6372.jpg,Copra_Grade_A
A20230924140615_jpg.rf.d04303acbf73cc9e809e56b8742c3c4b.jpg,Copra_Grade_A
C20230924163542_jpg.rf.cea8a5dc52a01d7ca67e3d57fc00a0c1.jpg,Copra_Grade_C
C20230924163438_jpg.rf.ce0a4bda6e419a5f2a9048a5a3d1910a.jpg,Copra_Grade_C
C20230924162252_jpg.rf.ce09887a23c34a5fcba4a364b34af686.jpg,Copra_Grade_C
C20230924165522_jpg.rf.ccc47b0e7d6566c1169e7bde85a0ebc6.jpg,Copra_Grade_C
A20230924135424_jpg.rf.d0b4dcb8f6ea4e315d32b4596493091e.jpg,Copra_Grade_A
B20230924155610_jpg.rf.d092c36d60bdc3789209d74b47bda1e3.jpg,Copra_Grade_B
B20230924155825_jpg.rf.d3134c1ef6b23d8d0ef0f3b4c7ba2560.jpg,Copra_Grade_B
C20230924164932_jpg.rf.cba2aad3ed521e1e809a2cb76390c890.jpg,Copra_Grade_C
C20230924164631_jpg.rf.cf9acdf83922586cf06910b84133fff7.jpg,Copra_Grade_C
B20230924160534_jpg.rf.cd1aa4974cf1bdfd49625723c9bbce09.jpg,Copra_Grade_B
A20230924141623_jpg.rf.d2722f9832fb3bc046f94f374664ff5c.jpg,Copra_Grade_A
B20230924155742_jpg.rf.d2dfc5ac50b9686ec53a0d6b335bfeab.jpg,Copra_Grade_B
C20230924165219_jpg.rf.cfb35ccee0a41d5b779af6da26df1dec.jpg,Copra_Grade_C
B20230924160749_jpg.rf.d33f8b7e71a91f95c3b0d32f7a3ddca9.jpg,Copra_Grade_B
B20230924153434_jpg.rf.d398ff4a9eb17d8d4f047f68bee3111f.jpg,Copra_Grade_B
A20230924142620_jpg.rf.cf06f4de7cfd2001f493b51f6c349ac3.jpg,Copra_Grade_A
C20230924163545_jpg.rf.d238c5d5d46f09fe6bd3c6291fdc6a50.jpg,Copra_Grade_C
B20230924153323_jpg.rf.d108042ac08e827ffa0a802ba46ada50.jpg,Copra_Grade_B
C20230924164928_jpg.rf.d2f821e018a6fa3d3054884af4f0f308.jpg,Copra_Grade_C
C20230924164829_jpg.rf.d2d33a69bedc99c6e52f3a0aca442e07.jpg,Copra_Grade_C
B20230924155311_jpg.rf.d3bc3833fb59e442be4afe69dfb7638e.jpg,Copra_Grade_B
B20230924160554_jpg.rf.d3ffb7b650792f8b2310393b20884729.jpg,Copra_Grade_B
A20230924140532_jpg.rf.d3f00cdae08e0cfd85c815e6c960e882.jpg,Copra_Grade_A
C20230924163049_jpg.rf.d5d996e8827626aae2500c7becdb74fb.jpg,Copra_Grade_C
C20230924165434_jpg.rf.d5f20757e13f148a3d2590ad7d6596d7.jpg,Copra_Grade_C
A20230924141032_jpg.rf.d577b9741bc3f7f25afe4fde6bddf23c.jpg,Copra_Grade_A
A20230924135939_jpg.rf.d4748c3f4e4ac095715bc2bce0adb76e.jpg,Copra_Grade_A
B20230924155456_jpg.rf.d44e13aa8daba14af1f222a341c99719.jpg,Copra_Grade_B
B20230924154558_jpg.rf.d9215bb8816cb026fa697b7ecf23fadc.jpg,Copra_Grade_B
C20230924162018_jpg.rf.d6c6a1d1d7a2ba9a33283f6570778e5b.jpg,Copra_Grade_C
B20230924160825_jpg.rf.d6c9ff5942708da0ccad1ffff3d631a2.jpg,Copra_Grade_B
A20230924135546_jpg.rf.d5cc17b52c4ee5ad71e5d479d17cee76.jpg,Copra_Grade_A
A20230924140511_jpg.rf.d60acdfda68a52bf7c773eada91598f6.jpg,Copra_Grade_A
B20230924160722_jpg.rf.d6123c5c2783b6a590f089a77a32180b.jpg,Copra_Grade_B
B20230924153644_jpg.rf.d4a49e4be9f96d074447251a486c057e.jpg,Copra_Grade_B
B20230924160422_jpg.rf.da39a7ae1a4d387851729e9ffd8ba36c.jpg,Copra_Grade_B
C20230924161559_jpg.rf.daf82f4bec12514f742dac884d202be3.jpg,Copra_Grade_C
B20230924153519_jpg.rf.d9f8405b979b31dedaffc405962dea43.jpg,Copra_Grade_B
C20230924164017_jpg.rf.dbd23597fbeec28c138da4475532bdd3.jpg,Copra_Grade_C
C20230924164549_jpg.rf.dc5a56aff9c31086437dd11cf4a9c459.jpg,Copra_Grade_C
A20230924134927_jpg.rf.dc01a2134a4c8fe5345c6cd0b52fb05d.jpg,Copra_Grade_A
B20230924160427_jpg.rf.dc75c6e90e9518407e1dcd0caf1386ef.jpg,Copra_Grade_B
B20230924154600_jpg.rf.d7cd36c8d172ee30a8dbe2d770b93f2b.jpg,Copra_Grade_B
A20230924141520_jpg.rf.d41681a105aa43c87677ed235ef63c94.jpg,Copra_Grade_A
B20230924154958_jpg.rf.d83d8e32324fcf57e9c457b41bce53ed.jpg,Copra_Grade_B
C20230924164924_jpg.rf.d7d5b34c3d29cb9dad19c49f9a88b3a9.jpg,Copra_Grade_C
A20230924140237_jpg.rf.d970ac883c90cf2f908575b109c89ba4.jpg,Copra_Grade_A
C20230924163349_jpg.rf.df879ee200761d8a589c74aa2a42c279.jpg,Copra_Grade_C
A20230924135457_jpg.rf.dcbde0012689a8711787de9a44ef634a.jpg,Copra_Grade_A
A20230924135309_jpg.rf.e10af3d078331ef9a94187fa334e6274.jpg,Copra_Grade_A
A20230924142929_jpg.rf.dc86b7b700293988f8d1052625f24c38.jpg,Copra_Grade_A
C20230924165325_jpg.rf.e0342c06e523e904f4349d7823147367.jpg,Copra_Grade_C
A20230924135819_jpg.rf.e02c13c9b460ff955a52acb04c509f12.jpg,Copra_Grade_A
B20230924154414_jpg.rf.dee38f1264b8beb3ab8cee98182e930a.jpg,Copra_Grade_B
A20230924135451_jpg.rf.da1e6518a1ba03ad422dee669db878ec.jpg,Copra_Grade_A
C20230924162130_jpg.rf.ddad12890a5ab0225c41263c5edb2cfb.jpg,Copra_Grade_C
B20230924160434_jpg.rf.de300c6dc3ddfb83bd2ec3e70b8c4bed.jpg,Copra_Grade_B
B20230924155713_jpg.rf.e26bd9da5f9ed033f0f523271521a35f.jpg,Copra_Grade_B
C20230924162030_jpg.rf.e11fba2862dbb3226ce6fe26cb151f52.jpg,Copra_Grade_C
B20230924153917_jpg.rf.dfa4832b62a0b49157cc0a7a21118b93.jpg,Copra_Grade_B
A20230924135557_jpg.rf.e2b1427441ff56d95af2cf50ec508e77.jpg,Copra_Grade_A
A20230924141159_jpg.rf.e2c479246f0ec839efa69e30bbf8624f.jpg,Copra_Grade_A
B20230924160224_jpg.rf.df222339cdbe3c1321f4b4ba75766d40.jpg,Copra_Grade_B
B20230924153426_jpg.rf.e22fc962031c07961868b4d4014b2ebe.jpg,Copra_Grade_B
C20230924164732_jpg.rf.e4241a3f39b94c4af984724b9566a836.jpg,Copra_Grade_C
B20230924160530_jpg.rf.e30a1daf59d09d3538f63a555166d6e5.jpg,Copra_Grade_B
B20230924160410_jpg.rf.e53f0b4143982e986a0a74005d8939d9.jpg,Copra_Grade_B
B20230924154522_jpg.rf.e453763f5058e4b326310e1ef80bf3d2.jpg,Copra_Grade_B
C20230924163300_jpg.rf.e370fef5927115e72e31661222e72ff9.jpg,Copra_Grade_C
A20230924142542_jpg.rf.e5126e3789b377e372c07b5fb29df767.jpg,Copra_Grade_A
B20230924153033_jpg.rf.e420640870f22271fdeab0ecec104885.jpg,Copra_Grade_B
A20230924140952_jpg.rf.e1da7db4564f8a117cdea8b51b5c4e16.jpg,Copra_Grade_A
B20230924155448_jpg.rf.e4621b843b03c942e0409d61912210cf.jpg,Copra_Grade_B
B20230924155802_jpg.rf.e585ed735ab15072499b95478e4fe0ac.jpg,Copra_Grade_B
C20230924165321_jpg.rf.e54f5b7ada66705b89bcb24b9a938f52.jpg,Copra_Grade_C
A20230924142315_jpg.rf.e5c8f456aef31da268510d07bc224991.jpg,Copra_Grade_A
B20230924160649_jpg.rf.e3ac8c5ddb52d64597d9489d577e5dbc.jpg,Copra_Grade_B
A20230924135039_jpg.rf.e714f1d1f31eb65d817b55216213e40f.jpg,Copra_Grade_A
B20230924160210_jpg.rf.e7ce82bff1e82c5fd64b94ef31a9bd0b.jpg,Copra_Grade_B
C20230924164256_jpg.rf.e71ddf161ff7cc94a8b142621976d84f.jpg,Copra_Grade_C
A20230924141210_jpg.rf.e84b26a97a229a797cafae549ad042b9.jpg,Copra_Grade_A
B20230924155050_jpg.rf.e7de6a7be56448148e0f6201ec8328d5.jpg,Copra_Grade_B
B20230924155740_jpg.rf.e7a2a2721a1ae7f0b1f2ba99250a2ff2.jpg,Copra_Grade_B
A20230924135740_jpg.rf.e686a3c84d33adb54176a20c2baa61af.jpg,Copra_Grade_A
C20230924164258_jpg.rf.e6754887fcb92e792bc1d8a890fd2c03.jpg,Copra_Grade_C
B20230924153748_jpg.rf.e8be4213dbb1e2e895780f636a5725c8.jpg,Copra_Grade_B
A20230924142614_jpg.rf.e64392007e2d6b1fea9c8fb1d7fddc8c.jpg,Copra_Grade_A
B20230924154502_jpg.rf.e8f1eb69220e8e7c6f7133cc1b3eebb2.jpg,Copra_Grade_B
A20230924141027_jpg.rf.e8ffb4bbfbe38c86846d8cdd0b1f0b68.jpg,Copra_Grade_A
C20230924165115_jpg.rf.e8720679f5e47a5cf2fab98a7357695c.jpg,Copra_Grade_C
C20230924164954_jpg.rf.ea63c8c2720432d946f382c6c482f818.jpg,Copra_Grade_C
A20230924140822_jpg.rf.e57bf875cae6db20afab779db43cd428.jpg,Copra_Grade_A
B20230924153528_jpg.rf.e9f40761bcf89c3248babfbf267b63b8.jpg,Copra_Grade_B
B20230924160430_jpg.rf.ea0d7e7f97b19fc164f22642c816de60.jpg,Copra_Grade_B
B20230924155533_jpg.rf.ead8fa41c486ce91662caf88f614f842.jpg,Copra_Grade_B
B20230924155303_jpg.rf.e7d5eaa955b6c75b5f36ccfb5367f782.jpg,Copra_Grade_B
A20230924141242_jpg.rf.eae8efa15d119482363db23ddf6ab204.jpg,Copra_Grade_A
B20230924160512_jpg.rf.eb79f71977d2dea03e84655ff630bf34.jpg,Copra_Grade_B
B20230924153118_jpg.rf.eb6f31a84be59200e2fc3a78e7587c91.jpg,Copra_Grade_B
B20230924160324_jpg.rf.ebb3ab2982b33d5d5a55ff5edb8878c5.jpg,Copra_Grade_B
B20230924160221_jpg.rf.ebe3c39e8032fff2f949e36459acf0e8.jpg,Copra_Grade_B
C20230924162845_jpg.rf.eb6a0d4693f41f4fae8cee525145db35.jpg,Copra_Grade_C
B20230924155137_jpg.rf.eb4179f631867326a131a81bf65212e4.jpg,Copra_Grade_B
A20230924141238_jpg.rf.ec11f2307a5a5834ffc435e529dc23b3.jpg,Copra_Grade_A
C20230924161837_jpg.rf.ec2aa5678231145bf28184ab8b450f99.jpg,Copra_Grade_C
B20230924154605_jpg.rf.ed30f858a161e94e68e61f2254bddad3.jpg,Copra_Grade_B
A20230924141529_jpg.rf.efefb30d7846f8374ad95c3acc545789.jpg,Copra_Grade_A
B20230924160827_jpg.rf.ecb4aa03676b8f8bd79058db6536e60d.jpg,Copra_Grade_B
B20230924154051_jpg.rf.f0965d5db2e052007f8ca3dea45faa57.jpg,Copra_Grade_B
C20230924163442_jpg.rf.ef5526866118e01017b384e8d2a54ae1.jpg,Copra_Grade_C
B20230924155535_jpg.rf.f052c90486d23b8ae4726a5658d461c6.jpg,Copra_Grade_B
C20230924163222_jpg.rf.ef1dc953eb37ff61a1587029d48d30c6.jpg,Copra_Grade_C
C20230924163639_jpg.rf.f08824181758b60b4060c3317df24964.jpg,Copra_Grade_C
A20230924141656_jpg.rf.eda857da02dc756376354c6eec2d565d.jpg,Copra_Grade_A
A20230924135106_jpg.rf.ed3d4bd5129e5a369c21ab9966d5668e.jpg,Copra_Grade_A
A20230924141804_jpg.rf.f1028569c08e9eaa56eac674fda84468.jpg,Copra_Grade_A
C20230924162005_jpg.rf.ec9367ad22fde762682d9ee95fd187f9.jpg,Copra_Grade_C
C20230924162533_jpg.rf.f0b6c08427c7a7eafe88ce941b7da184.jpg,Copra_Grade_C
A20230924135700_jpg.rf.ede34cf1b86e5627c8f9a050bd3b4324.jpg,Copra_Grade_A
A20230924140011_jpg.rf.f12abbef581c3bb5ac45a8459bb5c1cd.jpg,Copra_Grade_A
C20230924164359_jpg.rf.f0b635ff86a9ed5674e14195202dd06a.jpg,Copra_Grade_C
C20230924164404_jpg.rf.f1178b8c4150c976d29acc35e92ee106.jpg,Copra_Grade_C
B20230924153321_jpg.rf.f1de19707deb79e0c4650ff48d090631.jpg,Copra_Grade_B
B20230924155226_jpg.rf.f23cbf301f28626a8eab2bb72a151f7a.jpg,Copra_Grade_B
C20230924162652_jpg.rf.f3915d7c9f33de8811c278905c53c0eb.jpg,Copra_Grade_C
A20230924140013_jpg.rf.f3fe99211521aae199bde9f1d595700c.jpg,Copra_Grade_A
B20230924155256_jpg.rf.f249a9942285967acd1abf9d49d7efa4.jpg,Copra_Grade_B
B20230924154104_jpg.rf.f33981be5de76444b0f0b10abe608351.jpg,Copra_Grade_B
B20230924155201_jpg.rf.f1ef491b3c0907488bdba10c84003424.jpg,Copra_Grade_B
A20230924140844_jpg.rf.f4036afe83357e59c7ff32b24abb9055.jpg,Copra_Grade_A
B20230924154229_jpg.rf.f548fa59aad806bef92118f290675dfc.jpg,Copra_Grade_B
B20230924154816_jpg.rf.f4b79b8b86dbf7def0fb9a98a3bf00be.jpg,Copra_Grade_B
A20230924140903_jpg.rf.f82c0329b42afeab52e3999b74fac37e.jpg,Copra_Grade_A
C20230924164050_jpg.rf.f5e869b75f62ae5c807c62a4669a4a37.jpg,Copra_Grade_C
B20230924153656_jpg.rf.f50522e147ddf9ef80d711d095d954e9.jpg,Copra_Grade_B
A20230924141319_jpg.rf.f6c119aad1bf35449cfd50ac31162e79.jpg,Copra_Grade_A
B20230924160257_jpg.rf.f4af6eac4bfa0b412adb0801f523c5d8.jpg,Copra_Grade_B
A20230924135610_jpg.rf.f684a8a38484bb7b55f8d8a46faca4fb.jpg,Copra_Grade_A
A20230924143150_jpg.rf.f6d298c593d636569c183dfc5b2f9652.jpg,Copra_Grade_A
A20230924142325_jpg.rf.f85228c7f4fc3687aa03cb29bbb700cf.jpg,Copra_Grade_A
C20230924165517_jpg.rf.f51114c1fecc45acb734f41ed8683696.jpg,Copra_Grade_C
B20230924154223_jpg.rf.f5e7b1621730a5e63c54bb139d74afc6.jpg,Copra_Grade_B
A20230924135916_jpg.rf.f8ae68fb718303e188d3fd865f689642.jpg,Copra_Grade_A
C20230924161812_jpg.rf.f5c082d202870e27cd6afd2f0bc12c72.jpg,Copra_Grade_C
A20230924141438_jpg.rf.f55b91d35e86cb704f6b3bdf692cdcd6.jpg,Copra_Grade_A
A20230924141851_jpg.rf.f2c84fceef06b328b8b2f06fcdd87628.jpg,Copra_Grade_A
C20230924162026_jpg.rf.f6ca276ad33a7d4ac535b20cb382f4a9.jpg,Copra_Grade_C
C20230924162736_jpg.rf.f8602bf4eebbdafa86b0d18c3a6e1149.jpg,Copra_Grade_C
A20230924141325_jpg.rf.f48c1bb17cb28919c0694b1675653edf.jpg,Copra_Grade_A
A20230924143045_jpg.rf.f8b37bd4d0e624ebc348597c4eef5a7b.jpg,Copra_Grade_A
B20230924155627_jpg.rf.f710de8e3862ed92d209ecdbf2bdceff.jpg,Copra_Grade_B
B20230924155657_jpg.rf.fa1b0fb6025c2885986e3eebe6be54ef.jpg,Copra_Grade_B
A20230924135426_jpg.rf.f9505f16e44abca09ed69cc14e2ae090.jpg,Copra_Grade_A
C20230924163007_jpg.rf.f9f0a0d6ebfc8b3b416ab532e2a1bb9f.jpg,Copra_Grade_C
B20230924155938_jpg.rf.f9486fed53cb857105db04134eef469f.jpg,Copra_Grade_B
C20230924162852_jpg.rf.f9e276a92f84459024a2073a29572938.jpg,Copra_Grade_C
A20230924140113_jpg.rf.f8910828f28fc24e66e1b50d8d055b47.jpg,Copra_Grade_A
B20230924154617_jpg.rf.fa41ec4e1fc4e88ce2adef526978f3f1.jpg,Copra_Grade_B
C20230924165459_jpg.rf.fb3d51e61ddf12665d0585b70beb463c.jpg,Copra_Grade_C
B20230924152848_jpg.rf.fa8843b80fa122e248afe66a20627d44.jpg,Copra_Grade_B
A20230924141226_jpg.rf.fa4fd543f22709c5204fe1847cb63aac.jpg,Copra_Grade_A
C20230924162035_jpg.rf.fccd1e4f88c8c5174c50773d54d2c2bb.jpg,Copra_Grade_C
B20230924152900_jpg.rf.fc086c04f8792962d3e4700b1fc4e503.jpg,Copra_Grade_B
A20230924140115_jpg.rf.f643e9c33fcf57e4f42335439c22e99b.jpg,Copra_Grade_A
B20230924160314_jpg.rf.fbb116e99f2bf2b90147faec5b00cfcc.jpg,Copra_Grade_B
A20230924143147_jpg.rf.fd95cff00d7fb01197da9288df5a616e.jpg,Copra_Grade_A
B20230924154225_jpg.rf.f8490ee930601bf7f1a52c921f520327.jpg,Copra_Grade_B
C20230924163724_jpg.rf.fdcb2a99d5983255a0336bbc1e60eb0a.jpg,Copra_Grade_C
B20230924153640_BURST000_COVER_jpg.rf.fc27b4da30021c19bb48439c2fe74c0f.jpg,Copra_Grade_B
A20230924135851_jpg.rf.71d800583599905c5dc15fb1c869279c.jpg,Copra_Grade_A
B20230924155346_jpg.rf.723231f9cef115e81792e735a0374b03.jpg,Copra_Grade_B
A20230924141323_jpg.rf.6f8da199ebdb6b3f27f511a0f2b96549.jpg,Copra_Grade_A
C20230924164919_jpg.rf.739cdb872a32e2a1f81e3810ba7e061e.jpg,Copra_Grade_C
A20230924135454_jpg.rf.713e2a461d8434d2761161238f123986.jpg,Copra_Grade_A
A20230924142311_jpg.rf.71191ab6d153d798df7dd533a123fe8e.jpg,Copra_Grade_A
A20230924140608_jpg.rf.751ad90dd4cfc81ed8658a5c8633204f.jpg,Copra_Grade_A
A20230924135619_jpg.rf.735ed909ec42ac02781a2226f09f6b5a.jpg,Copra_Grade_A
B20230924152948_jpg.rf.71f9f740ee4969801cf96a22512a1079.jpg,Copra_Grade_B
C20230924164825_jpg.rf.74cd4484aa1e99f21f37cbb165b4f2c1.jpg,Copra_Grade_C
A20230924140941_jpg.rf.72795be8a821e48e957c664ac65c07ab.jpg,Copra_Grade_A
C20230924164243_jpg.rf.73f41c46c8ea8681427a5470206f5207.jpg,Copra_Grade_C
A20230924135525_jpg.rf.754f67b97134937d7f80629bebc7971a.jpg,Copra_Grade_A
A20230924134909_jpg.rf.747e72494b751e58630e7e6db74f3143.jpg,Copra_Grade_A
B20230924154758_jpg.rf.7515a808a653f9fcd305bfb9f483dafa.jpg,Copra_Grade_B
B20230924160815_jpg.rf.75a599388070bf0033fda17163e1e900.jpg,Copra_Grade_B
C20230924164744_jpg.rf.6fb09e080f5c94107fa0e642d5db259c.jpg,Copra_Grade_C
A20230924134955_jpg.rf.733f85ae96a84f6e9d1ef038fa0777d4.jpg,Copra_Grade_A
A20230924140828_jpg.rf.75554df2950ae203db597daa5536345e.jpg,Copra_Grade_A
B20230924155207_jpg.rf.763671de8f56f6db5312ce0f4df888d1.jpg,Copra_Grade_B
A20230924135736_jpg.rf.76ba681fdc17adbd516c33b8207503e3.jpg,Copra_Grade_A
B20230924155856_jpg.rf.760dcc316b6a9648c2de03660a599d5e.jpg,Copra_Grade_B
B20230924160545_jpg.rf.75e0f9042c20224d79519aa03a380456.jpg,Copra_Grade_B
B20230924154939_jpg.rf.758dedb3bfcbabef328e7265391eb9d6.jpg,Copra_Grade_B
A20230924142017_jpg.rf.75bd87093ac9a179d6e55c067e8727a6.jpg,Copra_Grade_A
A20230924142524_jpg.rf.77348fbb267010ed9665e1b3926a1f53.jpg,Copra_Grade_A
A20230924140213_jpg.rf.76cd5fc484efdb98740cb4d61c42ac83.jpg,Copra_Grade_A
C20230924162242_jpg.rf.77a449a43a4f02328c1f99dfbc0eeecf.jpg,Copra_Grade_C
C20230924163906_jpg.rf.77f9d7da17a19d150bccb2c89c78f11c.jpg,Copra_Grade_C
C20230924164247_jpg.rf.7818552e105f1558247ec3b10c6f15ad.jpg,Copra_Grade_C
C20230924165504_jpg.rf.7868800f83f9cbf2b83fee1f0a37aa02.jpg,Copra_Grade_C
C20230924164139_jpg.rf.7828e5ff59c7315da66b8933b8f82566.jpg,Copra_Grade_C
A20230924141352_jpg.rf.78aedaed06e72cdbb7162e8e58159efb.jpg,Copra_Grade_A
C20230924163000_jpg.rf.78a6fdf462def03126bf2d223080f145.jpg,Copra_Grade_C
C20230924163101_jpg.rf.79fb8e7ccadc841cfdf39b44ab56ffb4.jpg,Copra_Grade_C
A20230924135813_jpg.rf.76bc462ea9fabc1329bf43f7720a2457.jpg,Copra_Grade_A
A20230924141632_jpg.rf.7aa8f75da356ec2377c429823a2b8aa5.jpg,Copra_Grade_A
B20230924153914_jpg.rf.7b5d62d4d0bc9e696ee0d50a0a0c40bf.jpg,Copra_Grade_B
C20230924162121_jpg.rf.7acd41b066d8393097adb33631d134c7.jpg,Copra_Grade_C
A20230924142522_jpg.rf.77d81cc0fe66672f5a126dbbb8681f06.jpg,Copra_Grade_A
C20230924162930_jpg.rf.7a3c6ce585ef1c7952d231b98f12239b.jpg,Copra_Grade_C
C20230924162254_jpg.rf.7b701d5f69ec775c13842535f65f3e56.jpg,Copra_Grade_C
B20230924154556_jpg.rf.7a92653758e31052919e45f748669ead.jpg,Copra_Grade_B
C20230924164737_jpg.rf.7b33c6ec98c7a79e223acc6c55de6388.jpg,Copra_Grade_C
A20230924140636_jpg.rf.7776eaa1dc0d8dd520079f7cbff16ede.jpg,Copra_Grade_A
B20230924152916_jpg.rf.7b6408e4176a823f0685cba06ac79446.jpg,Copra_Grade_B
A20230924135828_jpg.rf.796d2279116e0621ec098584dc010f57.jpg,Copra_Grade_A
B20230924155736_jpg.rf.7bb0d68814262624bcdeb07ef02cdb5f.jpg,Copra_Grade_B
B20230924160608_jpg.rf.7bacff38d0b14e18272d07475b3b99be.jpg,Copra_Grade_B
C20230924164455_jpg.rf.7c28b410e5d4fcd8ae6f56668c85313a.jpg,Copra_Grade_C
B20230924153338_jpg.rf.7ad2caab9281d8d6b82785350bb54a27.jpg,Copra_Grade_B
C20230924164235_jpg.rf.7d4f642e032a190d3263d09f4fa6bc54.jpg,Copra_Grade_C
A20230924140412_jpg.rf.7d27279b162da3479b70d8e79166b054.jpg,Copra_Grade_A
A20230924141350_jpg.rf.7b19d76c994c8b3047eb3a9540195df3.jpg,Copra_Grade_A
C20230924161941_jpg.rf.7ca102d5a6770fc88fd551c41f90f701.jpg,Copra_Grade_C
B20230924153021_jpg.rf.7d58fe3b24e74d0b4bac80f8f2959afe.jpg,Copra_Grade_B
A20230924140539_jpg.rf.7caa2340db460051c77528641e6d1380.jpg,Copra_Grade_A
B20230924160432_jpg.rf.7d504564e7aa3a40d08a714b37046ebc.jpg,Copra_Grade_B
A20230924135742_jpg.rf.7e2802df59d8e55c521870ac955a1bb3.jpg,Copra_Grade_A
B20230924160030_jpg.rf.7d4045b8c4d2cd3b3aa72d850d1afb42.jpg,Copra_Grade_B
A20230924141616_jpg.rf.7e04a59bcaf38ca060c9d8c7920be03d.jpg,Copra_Grade_A
C20230924164430_jpg.rf.7d85b298c1521073bb416afcc5493c30.jpg,Copra_Grade_C
A20230924140933_jpg.rf.7f99b70b880f3aa719419708cbcd8a16.jpg,Copra_Grade_A
A20230924142431_jpg.rf.7e1c1f3406e5f66a4356ee703ae1f5f2.jpg,Copra_Grade_A
B20230924155531_jpg.rf.7deff8f0c68ca7e5fd230c07171949ce.jpg,Copra_Grade_B
A20230924142110_jpg.rf.8191c3f5efa6942bb56d7d924025dc01.jpg,Copra_Grade_A
B20230924154607_jpg.rf.8149f7f199539a47d112668c06524953.jpg,Copra_Grade_B
A20230924142117_jpg.rf.7d945584ecf4a5501fbc021179123166.jpg,Copra_Grade_A
A20230924142622_jpg.rf.7e0eb52ae52bb90ff4545f70e952e962.jpg,Copra_Grade_A
B20230924153120_jpg.rf.7eadefc74a96913977a8e9f29aaff873.jpg,Copra_Grade_B
B20230924154446_jpg.rf.814b40e9351d422348a056dae19f34a6.jpg,Copra_Grade_B
B20230924155506_jpg.rf.804e4a0842b0c71dae155cb2d83eac1b.jpg,Copra_Grade_B
B20230924153438_jpg.rf.80d2670afc3d771816c437b55d1d3366.jpg,Copra_Grade_B
A20230924141315_jpg.rf.8253825429b8b696deadcbe5f27a7230.jpg,Copra_Grade_A
B20230924160405_jpg.rf.80205f19f2443da84103733b0ab32583.jpg,Copra_Grade_B
A20230924140126_jpg.rf.821d1487c098959bbe672f2aba85c355.jpg,Copra_Grade_A
B20230924155219_jpg.rf.82bbd41fdc6e2b5d8a67199d0eea62a0.jpg,Copra_Grade_B
A20230924140838_jpg.rf.8608e0533bf50a1014d1e4711cd07f00.jpg,Copra_Grade_A
B20230924154904_jpg.rf.829ca1852d5740addfbf47f7b08173e3.jpg,Copra_Grade_B
C20230924161521_jpg.rf.8610e122c71b24dbc3ca60aa2b124c10.jpg,Copra_Grade_C
B20230924155711_jpg.rf.886c173f79638d948204ed649b99ac30.jpg,Copra_Grade_B
B20230924153838_jpg.rf.863f1d3bda77a81e51597cb2f90492a2.jpg,Copra_Grade_B
C20230924164353_jpg.rf.837b3bfd2ee97f262a8f85d8a0726b5f.jpg,Copra_Grade_C
C20230924162450_jpg.rf.8891ef83e3f0f5ef9b7cd814d7599655.jpg,Copra_Grade_C
B20230924152908_jpg.rf.87f06d9a257ac233c2520c524a7c9408.jpg,Copra_Grade_B
A20230924141122_jpg.rf.898194e57ca6548e0b42bdc6099d65e8.jpg,Copra_Grade_A
B20230924155034_jpg.rf.872a93b308cc8ca777d2cc3bf620375c.jpg,Copra_Grade_B
C20230924163401_jpg.rf.89dd69200ab8f7356f185d55a07f1ba9.jpg,Copra_Grade_C
C20230924165243_jpg.rf.89316de3bb6260721b4195b9ecbb6cb8.jpg,Copra_Grade_C
B20230924160821_jpg.rf.86fdd53be0f20b27c20c04d1de9a2b9a.jpg,Copra_Grade_B
A20230924141858_jpg.rf.85d1d0061307b7e2a0abb69c8dd6b25c.jpg,Copra_Grade_A
C20230924164220_jpg.rf.8b506437bcfeb22d886debe155060f79.jpg,Copra_Grade_C
C20230924164010_jpg.rf.8c1842fc02c1efbb163703cb2022cbb8.jpg,Copra_Grade_C
C20230924164044_jpg.rf.888f459f35e0e340cd75ef780b5b285b.jpg,Copra_Grade_C
B20230924152831_jpg.rf.8a133213038690ad848d1aa7667ce837.jpg,Copra_Grade_B
A20230924135702_jpg.rf.8a64c49781f4830f9f5e0b7595081a07.jpg,Copra_Grade_A
A20230924140755_jpg.rf.8b06987f864a9fbf999f0365dc759b28.jpg,Copra_Grade_A
A20230924142339_jpg.rf.8c46d02b8058d4c8190fe4e541b2fdd5.jpg,Copra_Grade_A
C20230924163717_jpg.rf.8c80c8b5e82d4efdc5890eba4b9c3592.jpg,Copra_Grade_C
A20230924141901_jpg.rf.8c0b06538206f2d040207b4e587fa589.jpg,Copra_Grade_A
A20230924135853_jpg.rf.8cc762b5a6fcb4962c5ad0415faa20f9.jpg,Copra_Grade_A
B20230924155444_jpg.rf.8a65e6e0e7e8d115beb915ccbd537e35.jpg,Copra_Grade_B
B20230924160022_jpg.rf.8b12c267a647568d68f01d7f9e12bbb0.jpg,Copra_Grade_B
C20230924162731_jpg.rf.8ca5017c0424544d178ee01d97980bb9.jpg,Copra_Grade_C
A20230924143051_jpg.rf.8d0e29478d4da9f6c717e613aa502764.jpg,Copra_Grade_A
A20230924140151_jpg.rf.8c715742f343c96603128735a5ac4188.jpg,Copra_Grade_A
B20230924154249_jpg.rf.8f40b96b5f6acafffa52172e53acc2a2.jpg,Copra_Grade_B
A20230924143101_jpg.rf.902585bcdbf04b035e0edfb87184b0dc.jpg,Copra_Grade_A
B20230924155844_jpg.rf.8d7615361485377986ae22c305c6a631.jpg,Copra_Grade_B
C20230924164214_jpg.rf.8ea5295d1a9ae1118bfd2b430893d94f.jpg,Copra_Grade_C
B20230924160529_jpg.rf.8f52e3297adfba8bca160b53276ec338.jpg,Copra_Grade_B
A20230924141117_jpg.rf.8f5cd61a7d0e83dc83938c0d37d2d071.jpg,Copra_Grade_A
A20230924140053_jpg.rf.8e15d6218f825cfbb4ad23b40329f6c3.jpg,Copra_Grade_A
B20230924154913_jpg.rf.902dd998af450a16a30a680683d0359e.jpg,Copra_Grade_B
A20230924140541_jpg.rf.8ff6cb0dcce9e5259c7d915984d2554e.jpg,Copra_Grade_A
B20230924153339_jpg.rf.8d702d198abcfac9971b39f0885579d8.jpg,Copra_Grade_B
B20230924153608_jpg.rf.8d271ef6c93fd7b4a3e777a289be025c.jpg,Copra_Grade_B
A20230924142428_jpg.rf.91fb89567ab9e5d188b2224992202f59.jpg,Copra_Grade_A
B20230924153531_jpg.rf.919777e1f15a66a1ebbf1a737eab0fc6.jpg,Copra_Grade_B
B20230924155434_jpg.rf.90b98dd4f50990356bdc62a5839687ae.jpg,Copra_Grade_B
A20230924135707_jpg.rf.9242861449b82572953043a9eb8a7b10.jpg,Copra_Grade_A
B20230924160106_jpg.rf.9208daa05197d064e106d196c4e794eb.jpg,Copra_Grade_B
C20230924163644_jpg.rf.929c75892612f6da30413e774893acf0.jpg,Copra_Grade_C
C20230924163954_jpg.rf.93a562b537679c82462981d22d689d02.jpg,Copra_Grade_C
A20230924143536_jpg.rf.92c0ebad4399bc90e66987699e23ab24.jpg,Copra_Grade_A
C20230924162552_jpg.rf.93068da132a4fc5fe05df49cc8328aa4.jpg,Copra_Grade_C
C20230924163653_jpg.rf.91ffe05bfdb58f4bcf79dda6c53d0630.jpg,Copra_Grade_C
A20230924143109_jpg.rf.9164860f5e663ca89541641b24b2de7e.jpg,Copra_Grade_A
A20230924135857_jpg.rf.94e301b8b3a765bf1ba999c25e9b360d.jpg,Copra_Grade_A
C20230924162210_jpg.rf.94e9d422fdfe9b16d15d3f2bc7318af2.jpg,Copra_Grade_C
C20230924164128_jpg.rf.92ec87ad859567353f5d554b8b74bfaa.jpg,Copra_Grade_C
B20230924153249_jpg.rf.94373cf3b68a59c6b6bca3ebb02dc1ac.jpg,Copra_Grade_B
B20230924154754_jpg.rf.91d2186aba9a915b6613fb660ca7d931.jpg,Copra_Grade_B
B20230924154822_jpg.rf.9518ab0c6ee7ad365203bd383b0fd024.jpg,Copra_Grade_B
B20230924155913_jpg.rf.955d6fb2122a9966a6eca4136738f602.jpg,Copra_Grade_B
B20230924153432_jpg.rf.9076b55c352b9215d1cbc70bf8d714cb.jpg,Copra_Grade_B
A20230924140154_jpg.rf.97924f9e817d06e371d7f0d8de4bf069.jpg,Copra_Grade_A
C20230924164518_jpg.rf.93dbd3cedd2712504193a6a505aa6049.jpg,Copra_Grade_C
B20230924160743_jpg.rf.96134302841828b67dd90bdd39d6d1f8.jpg,Copra_Grade_B
B20230924154457_jpg.rf.96b7279641a81c1bbe2259cdb9eaf547.jpg,Copra_Grade_B
A20230924142113_jpg.rf.9693f687b8695460fa9979e5fc181889.jpg,Copra_Grade_A
C20230924165402_jpg.rf.9970aa17a6ef2a681059b3bd6f729d74.jpg,Copra_Grade_C
C20230924162849_jpg.rf.99114bb1d5609223376ccd1cb0e02e26.jpg,Copra_Grade_C
C20230924164119_jpg.rf.962c9a4f617a67f3692c3812f6588248.jpg,Copra_Grade_C
A20230924140408_jpg.rf.9798b9721f7cdc7fe88c4ebd8d2b161c.jpg,Copra_Grade_A
B20230924155903_jpg.rf.980153a5fcf63abb997e76dc7fa186c5.jpg,Copra_Grade_B
A20230924141445_jpg.rf.98c4f995e3507c62cffcf682972cac8d.jpg,Copra_Grade_A
A20230924135815_jpg.rf.982eb9a40e65f57a8d1afc5980adad2b.jpg,Copra_Grade_A
A20230924134918_jpg.rf.98443414e815a6a28b8faec4077e77ec.jpg,Copra_Grade_A
A20230924135459_jpg.rf.95a5479d5755d67274b059e0705c2fef.jpg,Copra_Grade_A
C20230924164816_jpg.rf.991795bb4640551e5f20caa889fce1ce.jpg,Copra_Grade_C
B20230924160651_jpg.rf.9976b61696a7143131ef9394e08c3938.jpg,Copra_Grade_B
C20230924162841_jpg.rf.999a9738179649e481419cce0a3e59b0.jpg,Copra_Grade_C
B20230924155946_jpg.rf.98bf54b2c14ff021e90f3aaa069bccd3.jpg,Copra_Grade_B
C20230924164602_jpg.rf.992c2a9d075810cdc7a5bb5f065ab861.jpg,Copra_Grade_C
A20230924140419_jpg.rf.89dfbabf891f46123ba2f89f79f4962b.jpg,Copra_Grade_A
C20230924165429_jpg.rf.966642d81fe5970891fd4bf0d2a50e49.jpg,Copra_Grade_C
A20230924141010_jpg.rf.9bc14cd10b9c02b95a24d394ba833ecd.jpg,Copra_Grade_A
C20230924164911_jpg.rf.99143218bbf0b3667c054b4e8e74b126.jpg,Copra_Grade_C
C20230924163216_jpg.rf.9c9a034cfd27b6c3884f94a98e5ff807.jpg,Copra_Grade_C
A20230924135505_jpg.rf.9dfbeebc548a8bd0a8f8fad7f5183ced.jpg,Copra_Grade_A
A20230924135503_jpg.rf.9e06b7a988dae9617556bfa077a1c881.jpg,Copra_Grade_A
B20230924155743_jpg.rf.9f76390e84ec93efddef591437308033.jpg,Copra_Grade_B
C20230924161519_jpg.rf.9ec65c9b0d67e1a42fa4c5562d153ced.jpg,Copra_Grade_C
C20230924162855_jpg.rf.9e8ad4462be13e2a1a62904a98287671.jpg,Copra_Grade_C
A20230924143124_jpg.rf.9aab311de510cdd1ecb06bd7d4a83527.jpg,Copra_Grade_A
B20230924160533_jpg.rf.a03c3977cf217b799c174c758d357ccc.jpg,Copra_Grade_B
C20230924162412_jpg.rf.9c18709fd6a63ffff38b0525a17cf4f9.jpg,Copra_Grade_C
B20230924155922_jpg.rf.9ec8ed1db802f968eb859bb9c316f092.jpg,Copra_Grade_B
C20230924163633_jpg.rf.9ff61aac0e7def0805f976adf79b50e5.jpg,Copra_Grade_C
C20230924161603_jpg.rf.9fda85acab6fce1061812368b7e704ac.jpg,Copra_Grade_C
C20230924162212_jpg.rf.9f241638351ad30f6a11beb693a14b46.jpg,Copra_Grade_C
A20230924135926_jpg.rf.a049e4845ff66446e72c4082ac3e3fd8.jpg,Copra_Grade_A
A20230924143526_jpg.rf.9f9071b8fbd343ebf71de87445372fc2.jpg,Copra_Grade_A
B20230924152958_jpg.rf.9ea5e550bf5c2ab3869e550467c7883b.jpg,Copra_Grade_B
C20230924164337_jpg.rf.a04b05931aa8e71bc27c45fe851309eb.jpg,Copra_Grade_C
B20230924154911_jpg.rf.a3683d2f3810bed3bb597b96b4899b03.jpg,Copra_Grade_B
C20230924165249_jpg.rf.a338c62e122c93294f74265d5f21faf9.jpg,Copra_Grade_C
C20230924164212_jpg.rf.a21a3d3900e75a42b4e11d8a8c754498.jpg,Copra_Grade_C
A20230924142057_jpg.rf.a39c95fd5b33867a54347cfa35fe9da3.jpg,Copra_Grade_A
B20230924154541_jpg.rf.a38af7c810f5ed8d58b47bf9908beac2.jpg,Copra_Grade_B
B20230924153255_jpg.rf.a22c4a6c9c8d177c8a184b6edc247f6a.jpg,Copra_Grade_B
A20230924141317_jpg.rf.a42a7e73a0d4b480312fce33ccc8f6a7.jpg,Copra_Grade_A
C20230924164405_jpg.rf.a13c26986c860eab563f6957041c5b53.jpg,Copra_Grade_C
C20230924164730_jpg.rf.a16dbccaf398c58c22c422e2d0824e5f.jpg,Copra_Grade_C
B20230924155618_jpg.rf.a3a971af4c53b0b51d5cf44bd0fe3cfb.jpg,Copra_Grade_B
A20230924142927_jpg.rf.a53169189fda3a7af1d1f9ac702f0a7e.jpg,Copra_Grade_A
A20230924135315_jpg.rf.a60bbcbde2565711a39c1a5dacdadb6c.jpg,Copra_Grade_A
C20230924161510_jpg.rf.a6de704832491df7f079776bae3909b9.jpg,Copra_Grade_C
B20230924153654_jpg.rf.a5c23c02ecd85f59511d6ef13eeb37c7.jpg,Copra_Grade_B
B20230924154452_jpg.rf.a801028cb986e255f41e31d273d239d0.jpg,Copra_Grade_B
C20230924162759_jpg.rf.a7664a9de05eef42b51f325af228b5c0.jpg,Copra_Grade_C
A20230924135117_jpg.rf.a675de53cd7523e2d2d9594b3bcfd672.jpg,Copra_Grade_A
A20230924142133_jpg.rf.9a938997ae69908929a475c75e1fd2af.jpg,Copra_Grade_A
A20230924140233_jpg.rf.a78fee0095af84edfd569addcd40bdf5.jpg,Copra_Grade_A
C20230924164015_jpg.rf.a6fc4a323777da026fee51081708c222.jpg,Copra_Grade_C
C20230924164109_jpg.rf.a8800a831a858b185ae9c61e85d7213f.jpg,Copra_Grade_C
C20230924165423_jpg.rf.a57979fb1327a9608c66e338f38fcb36.jpg,Copra_Grade_C
A20230924135112_jpg.rf.a9404846ebebf021906a42ee1b8f2f1e.jpg,Copra_Grade_A
A20230924135605_jpg.rf.a977d7ef8062a1db683e1bde7c80304b.jpg,Copra_Grade_A
A20230924142301_jpg.rf.a69531e7e4c1e1c30ae045d7415186e0.jpg,Copra_Grade_A
B20230924155334_jpg.rf.a80215a788bba8acaa06b023ee364cbd.jpg,Copra_Grade_B
A20230924140853_jpg.rf.a92152d19ebdded5817f19a63d6309c4.jpg,Copra_Grade_A
C20230924163530_jpg.rf.a88ad408326bdab6dcf64453466079a5.jpg,Copra_Grade_C
C20230924164436_jpg.rf.a9bcd325ed77c3c3a5e24d5c2c89bc80.jpg,Copra_Grade_C
B20230924153616_jpg.rf.a9b4cdd9df333ddcd2106aae21dfa50b.jpg,Copra_Grade_B
A20230924141624_jpg.rf.a54f4d4ae3d03c6033ad56bb59a3528c.jpg,Copra_Grade_A
B20230924154920_jpg.rf.a9ccb9f8b2321bf7792446b808b339f4.jpg,Copra_Grade_B
B20230924155446_jpg.rf.a940a6dcc46bd4c0c969efa7bba7cf24.jpg,Copra_Grade_B
B20230924153333_jpg.rf.a8c4a8c6a6824f9e6330f54421ec1e39.jpg,Copra_Grade_B
B20230924160604_jpg.rf.aa1fe87689890471260b59ec54cd568e.jpg,Copra_Grade_B
B20230924154526_jpg.rf.ad811aaec10cb5b5120c6a4c323c0cae.jpg,Copra_Grade_B
C20230924165431_jpg.rf.ad62b5d8ef7f53385d39a11657941811.jpg,Copra_Grade_C
B20230924155143_jpg.rf.af6c861c13d7c9ec2b43eac6cdb1e0e6.jpg,Copra_Grade_B
C20230924162343_jpg.rf.ab1b558b95d903cedcdef04e0898c510.jpg,Copra_Grade_C
B20230924160310_jpg.rf.aeccc9944cfd7d633b100bff16d777e1.jpg,Copra_Grade_B
A20230924140706_jpg.rf.ae52529d37fdd34effc964af8ca19b72.jpg,Copra_Grade_A
B20230924153238_jpg.rf.b0219cbf9118c0f418dbad361dd726c5.jpg,Copra_Grade_B
A20230924143243_jpg.rf.ac641c8b5666355b360d4bcb51622968.jpg,Copra_Grade_A
C20230924165008_jpg.rf.ab07f00309ec38ab2f1bedd430d795e9.jpg,Copra_Grade_C
B20230924154554_jpg.rf.b171a6cd41236dd7e375e40df2b07bc1.jpg,Copra_Grade_B
A20230924140606_jpg.rf.aec9b645d247a1de9592f759d187049d.jpg,Copra_Grade_A
C20230924164520_jpg.rf.ac565ae6035d436d8df5eb56b28f01bf.jpg,Copra_Grade_C
A20230924141334_jpg.rf.abc7ff89252f26cff7c03a0259b160a0.jpg,Copra_Grade_A
B20230924154900_jpg.rf.b1b4b75e0510b4d843535f50ba20acfd.jpg,Copra_Grade_B
A20230924141751_jpg.rf.afb0f6a047f3599277f1318fc8a54a13.jpg,Copra_Grade_A
A20230924135746_jpg.rf.ae8aee72d27cb8eebb697bb5dfd61570.jpg,Copra_Grade_A
B20230924155935_jpg.rf.b1692d39b5f5cafe06782c80a7ed275c.jpg,Copra_Grade_B
C20230924161745_jpg.rf.afcc39a94e6562765f469bda05110fe3.jpg,Copra_Grade_C
B20230924155250_jpg.rf.aecab0e76114604c5bd5deb4d62d61de.jpg,Copra_Grade_B
A20230924140309_jpg.rf.af2936ec8a801baa45bc11b29e4f2e17.jpg,Copra_Grade_A
C20230924164930_jpg.rf.b20ee6a65c617a55ae06607ff6fc5186.jpg,Copra_Grade_C
C20230924163107_jpg.rf.b1f04267c1fcf5fc78afc08f37f44478.jpg,Copra_Grade_C
C20230924161821_jpg.rf.b22fdfa049685f3d08df53fb67221639.jpg,Copra_Grade_C
C20230924164218_jpg.rf.b3462dc303cd8d4a3e38903a3cfd504e.jpg,Copra_Grade_C
C20230924165119_jpg.rf.b2f3056b08f3741d75a472421b45a77e.jpg,Copra_Grade_C
A20230924141440_jpg.rf.b33bcd9c71097f391cc930ff69d79133.jpg,Copra_Grade_A
C20230924164827_jpg.rf.b38ab2f125e32adb7971c6c87c14c317.jpg,Copra_Grade_C
A20230924141013_jpg.rf.b36b6a49d59ef5a02255f722bdca3507.jpg,Copra_Grade_A
B20230924152903_jpg.rf.b3ea6aef83f69e4d1ca8301efef698ee.jpg,Copra_Grade_B
C20230924163320_jpg.rf.b517670c2cdcb0c38892a7262dc26f3d.jpg,Copra_Grade_C
B20230924160559_jpg.rf.b40c4e36a7a1ca8c1f767d339df937f3.jpg,Copra_Grade_B
A20230924140641_jpg.rf.b5f20a34fca2ea00734cfdc7c4a3a01e.jpg,Copra_Grade_A
B20230924160746_jpg.rf.b5e942b6a66e6bdcb619304b439669d2.jpg,Copra_Grade_B
C20230924165054_jpg.rf.b6c9d13151a20e2efeb53ab11b9208ed.jpg,Copra_Grade_C
B20230924154731_jpg.rf.b167df804a6de126507b035212c0b46a.jpg,Copra_Grade_B
B20230924154945_jpg.rf.b50f249cab6fefbb9626084c18abf490.jpg,Copra_Grade_B
C20230924162718_jpg.rf.b5477bfee58990eb93c841d219f38588.jpg,Copra_Grade_C
C20230924162224_jpg.rf.b1e395c3b58395c1ee928681a8eafa1d.jpg,Copra_Grade_C
C20230924163704_jpg.rf.b6a2023edcade65acedcfcd03e5f8f21.jpg,Copra_Grade_C
C20230924165047_jpg.rf.0100c90e57adf997158d82b0945fb8d9.jpg,Copra_Grade_C
A20230924140003_jpg.rf.012335e3d1a5163a82d06882894cd45c.jpg,Copra_Grade_A
B20230924153758_jpg.rf.007bb6beacac91fd90101b4e90da4134.jpg,Copra_Grade_B
B20230924154848_jpg.rf.018d697e2286be482c2048486de3d167.jpg,Copra_Grade_B
C20230924165232_jpg.rf.013089446f70dbc4f7de8eea559ce89c.jpg,Copra_Grade_C
A20230924140610_jpg.rf.0000a81c1559a5d45d9a25718e16ffeb.jpg,Copra_Grade_A
C20230924164438_jpg.rf.017ea21014e47aa9e89ce267f34aa9c3.jpg,Copra_Grade_C
A20230924142009_jpg.rf.033b94eb8bbfdc5b4977687e0dfee613.jpg,Copra_Grade_A
A20230924141357_jpg.rf.036dbcafb522cba49f7261f6b4fd1195.jpg,Copra_Grade_A
B20230924153816_jpg.rf.02b227ee8d45847d4cccb9615990b65d.jpg,Copra_Grade_B
A20230924141853_jpg.rf.0357419f9fd1e84cc959cfd153a592f2.jpg,Copra_Grade_A
A20230924135855_jpg.rf.012c65d08c48702036fc05588cd800d1.jpg,Copra_Grade_A
B20230924153442_jpg.rf.02d69feeec2fa6a51ea89cd09a0b4cc0.jpg,Copra_Grade_B
A20230924141108_jpg.rf.02bdbb0a9212d7a8be3a558413bfeb6c.jpg,Copra_Grade_A
B20230924155553_jpg.rf.05ef4d0b4608b27341f593105577ee6d.jpg,Copra_Grade_B
B20230924152827_jpg.rf.0232789c8531ab12faaad2212a85038e.jpg,Copra_Grade_B
A20230924135032_jpg.rf.043d430148ee60edfd6198f23f425ce6.jpg,Copra_Grade_A
B20230924153252_jpg.rf.04996f65e5746576f620ce4fd832c92c.jpg,Copra_Grade_B
C20230924164356_jpg.rf.056823e678ebcef4fae35474454cbba6.jpg,Copra_Grade_C
B20230924154116_jpg.rf.04c4128e33b4137648edbc37d7af3e53.jpg,Copra_Grade_B
C20230924161638_jpg.rf.058b4c0521c6038410a2373c64fdf3f5.jpg,Copra_Grade_C
B20230924154358_jpg.rf.026a1cbe2c0a9b5a70ee56029b66177c.jpg,Copra_Grade_B
C20230924165531_jpg.rf.04b3c853110ddaede02f265e333cc0fc.jpg,Copra_Grade_C
B20230924155854_jpg.rf.02368a85a2417d0b4e40275008a4f69b.jpg,Copra_Grade_B
A20230924140307_jpg.rf.05c436dd91039eed179dd6308200d251.jpg,Copra_Grade_A
A20230924142956_jpg.rf.0369fd1a65fe8d9318723126c9ac11cb.jpg,Copra_Grade_A
A20230924140231_jpg.rf.0750ab2be7ed32ae281c99f56faa5b07.jpg,Copra_Grade_A
A20230924135859_jpg.rf.048787612d83505ef10ea03e12b87d57.jpg,Copra_Grade_A
C20230924164719_jpg.rf.07e99441fb4962703d7c984b957c1b6b.jpg,Copra_Grade_C
B20230924155203_jpg.rf.07ab0cacbef5192a2f7e9e4de773c3f5.jpg,Copra_Grade_B
C20230924165506_jpg.rf.076f0f35b2e2700eaaba7d2269fc0cac.jpg,Copra_Grade_C
B20230924155723_jpg.rf.08e5e0972f7bf9a44bfee5c89ec4a79b.jpg,Copra_Grade_B
A20230924140752_jpg.rf.091a8d1766b2974b6fa94726dbac0e63.jpg,Copra_Grade_A
C20230924164757_jpg.rf.095da7d1be60030c308b07b8bdb6cc45.jpg,Copra_Grade_C
A20230924140508_jpg.rf.0b1024b702d35324ef639fe7467086ee.jpg,Copra_Grade_A
B20230924153115_jpg.rf.0c064bcb0d7aa4f2a1554c9a64407988.jpg,Copra_Grade_B
C20230924164637_jpg.rf.0a8484607a1959fcf8ab9ac3ffd7531c.jpg,Copra_Grade_C
B20230924154856_jpg.rf.0cc85a7cfbda959807f113a3490ab503.jpg,Copra_Grade_B
C20230924164823_jpg.rf.0add533396a2d4e77bb0ef314fddcdc8.jpg,Copra_Grade_C
A20230924135109_jpg.rf.0d43d3195020bed76414d7e020a8617c.jpg,Copra_Grade_A
B20230924154346_jpg.rf.0c03e7ef1a76f28c87408cd62f9cd8f3.jpg,Copra_Grade_B
C20230924164551_jpg.rf.0ab6ba2407141ce3a4d641c60696ebf8.jpg,Copra_Grade_C
B20230924155150_jpg.rf.0df89072a9458a0c4c3aa9edce2018f8.jpg,Copra_Grade_B
A20230924140451_jpg.rf.096629f761203f2370bc8ebbd35b89a3.jpg,Copra_Grade_A
B20230924155901_jpg.rf.0c3e19e986a436f1873857c062a58c06.jpg,Copra_Grade_B
A20230924135625_jpg.rf.0d82e3920c80bd48f159c38ce9daa6e1.jpg,Copra_Grade_A
B20230924153951_jpg.rf.0996e48c2e1153b28481a8fb94becb5d.jpg,Copra_Grade_B
C20230924162156_jpg.rf.0a91bedbb3e4e8b234e8fb34286bb922.jpg,Copra_Grade_C
A20230924141124_jpg.rf.0db514332bdb8531f68d51be5c70c066.jpg,Copra_Grade_A
A20230924141030_jpg.rf.0e14e10fb39b0520192e27ce585cad25.jpg,Copra_Grade_A
A20230924143145_jpg.rf.0e354269f69bc5b89752e79144bacf37.jpg,Copra_Grade_A
B20230924155733_jpg.rf.0d07b6be6d73249146a0bd497d69b4f6.jpg,Copra_Grade_B
B20230924153313_jpg.rf.0e96029009a690a0ee912297229704a2.jpg,Copra_Grade_B
C20230924164216_jpg.rf.0f314ff5790603f1ba33a2e196b1ad96.jpg,Copra_Grade_C
C20230924162001_jpg.rf.0f7694c11b2c31418b450728606ec27a.jpg,Copra_Grade_C
A20230924135507_jpg.rf.0f317fad993a1cff2f5eaff35d8e2992.jpg,Copra_Grade_A
C20230924161919_jpg.rf.0dc8a632500bb7c9cf928526f14b5341.jpg,Copra_Grade_C
B20230924155454_jpg.rf.0e881cd4375c10bf9dd6ef60cd783ea5.jpg,Copra_Grade_B
C20230924164033_jpg.rf.0d95feeebacdd52e0aa0631e1693f25d.jpg,Copra_Grade_C
C20230924165025_jpg.rf.0d970c22b1bb2e66b575ada1a89847bc.jpg,Copra_Grade_C
B20230924160728_jpg.rf.111e9bac7f8525e52a2132c3c15dde3c.jpg,Copra_Grade_B
C20230924164054_jpg.rf.0ff749c2df1e0c517475001d372cb2fe.jpg,Copra_Grade_C
A20230924143540_jpg.rf.1109f2977369e5c64c47f583d0392868.jpg,Copra_Grade_A
B20230924160741_jpg.rf.157c5c5a2f15d6570ddb8752186332c1.jpg,Copra_Grade_B
A20230924135103_jpg.rf.16bb0da319cc951e7c7c6993479f50a3.jpg,Copra_Grade_A
C20230924161538_jpg.rf.1260cac286d61ae6f8b44844a024a40a.jpg,Copra_Grade_C
A20230924141443_jpg.rf.1419b6205090bceb794f5708c5fd197d.jpg,Copra_Grade_A
A20230924140824_jpg.rf.139f1088c86cbb2eb7a38614381985cc.jpg,Copra_Grade_A
A20230924140701_jpg.rf.154fa2e311556cc68bb67000bd670a4c.jpg,Copra_Grade_A
C20230924164639_jpg.rf.157fcb96a350f8936c7a39e95c0016d0.jpg,Copra_Grade_C
A20230924140833_jpg.rf.17b21f9deb7310c17756a18129c56715.jpg,Copra_Grade_A
A20230924143216_jpg.rf.178a1f0465fe0fd6932ca10395316b07.jpg,Copra_Grade_A
A20230924135312_jpg.rf.1538230ff8165ef167d6ace7f9849206.jpg,Copra_Grade_A
C20230924162257_jpg.rf.17c2c389832c873b168525f2d41a1cb9.jpg,Copra_Grade_C
A20230924135043_jpg.rf.18a7bc235aafa077aa0a3187e9984857.jpg,Copra_Grade_A
A20230924140555_jpg.rf.15a4b3d839f08d8a922d66d88d840b5a.jpg,Copra_Grade_A
C20230924164832_jpg.rf.1851aa66ab360b9148d9ab42fab87d64.jpg,Copra_Grade_C
C20230924165004_jpg.rf.194a1a632cce040ddabe99672978d722.jpg,Copra_Grade_C
B20230924160645_jpg.rf.18b9fc655403ce249cb919e27d0bd6f5.jpg,Copra_Grade_B
C20230924165319_jpg.rf.1a28f500707f3d73249524816d047bef.jpg,Copra_Grade_C
B20230924154020_jpg.rf.19e5f5eb74c43fb8c506177036c4d444.jpg,Copra_Grade_B
C20230924162430_jpg.rf.19bb6a0e2152b6098750f5e0e4f3ad61.jpg,Copra_Grade_C
B20230924155300_jpg.rf.1228eaa8ef0746cb835b884d26ef69ef.jpg,Copra_Grade_B
A20230924140534_jpg.rf.171afa5beaf12357653555dc341b66f3.jpg,Copra_Grade_A
B20230924155511_jpg.rf.0d477c13f6382e12adae45b7a8ec9f74.jpg,Copra_Grade_B
A20230924141652_jpg.rf.19355be79607022435e006f4a92ce702.jpg,Copra_Grade_A
A20230924142949_jpg.rf.19a1a1cc0665bfffc350ae9a622eab99.jpg,Copra_Grade_A
C20230924165428_jpg.rf.1ae893497e25cc2210fa34466ffb7882.jpg,Copra_Grade_C
C20230924164856_jpg.rf.1998a14172517d9ceb672727b289f111.jpg,Copra_Grade_C
A20230924141756_jpg.rf.1af52b00a98f3a4c6882b16736a3cfc6.jpg,Copra_Grade_A
C20230924164921_jpg.rf.13b7ffafca724eee6d351b59ea6a57f8.jpg,Copra_Grade_C
A20230924140259_jpg.rf.1ab290819d6e3c7b2e7f28b5bdf41937.jpg,Copra_Grade_A
C20230924163336_jpg.rf.1bc52b6ff2c2a4d9e73373040a7bf224.jpg,Copra_Grade_C
A20230924140148_jpg.rf.1c82300d6debf67c89f37b45f59fe6be.jpg,Copra_Grade_A
C20230924161659_jpg.rf.1b10da1cdef864891c8ef38b087bf0eb.jpg,Copra_Grade_C
C20230924165240_jpg.rf.1cb53712851d11db985913b90a8297b4.jpg,Copra_Grade_C
A20230924142141_jpg.rf.1cca3c6c319494bc9e348dcbae3421e4.jpg,Copra_Grade_A
A20230924140256_jpg.rf.1b003ab4a21fed56628b2ec44ec607c5.jpg,Copra_Grade_A
C20230924162111_jpg.rf.1c497a36a6d80d904524f41809703ed0.jpg,Copra_Grade_C
B20230924153535_jpg.rf.1d0ae238f52e474a7e5091ab5eb968dd.jpg,Copra_Grade_B
A20230924143048_jpg.rf.1b07ed91f3a8a39229268ab0f61de9cf.jpg,Copra_Grade_A
A20230924135254_jpg.rf.1e67921419a9517af86defafb301b2f6.jpg,Copra_Grade_A
B20230924155621_jpg.rf.1d9e2aa242a0ca3b2deaa9cfbba7e9cb.jpg,Copra_Grade_B
A20230924141739_jpg.rf.1d1548a27c9194af0119a26855e776c0.jpg,Copra_Grade_A
B20230924153521_jpg.rf.1fb7560d0cef5e0e270385f42cb5e41e.jpg,Copra_Grade_B
C20230924162630_jpg.rf.2095a09a1ebecca6a9526d5b91bad17a.jpg,Copra_Grade_C
C20230924164617_jpg.rf.1d945f71af7253b9f27e3974bfc2f140.jpg,Copra_Grade_C
A20230924135951_jpg.rf.2048f8f00a9483ffe296b513806137df.jpg,Copra_Grade_A
B20230924160200_jpg.rf.1f252cbdc95c653c2454bb9803ca9f83.jpg,Copra_Grade_B
A20230924140446_jpg.rf.1f3763145d55939cdf39045b890f39c5.jpg,Copra_Grade_A
C20230924164725_jpg.rf.1d5625d93e3624285f94c93557029cc3.jpg,Copra_Grade_C
C20230924162828_jpg.rf.21ebafdb572a9d30240eb330deba4a3d.jpg,Copra_Grade_C
A20230924143120_jpg.rf.2107c6802b0684c2378e10a4e7c96180.jpg,Copra_Grade_A
C20230924162607_jpg.rf.1e0d489bad24c2b72f07d5b42af280cb.jpg,Copra_Grade_C
A20230924140139_jpg.rf.21149e4379a53abebc8c9fc3e66222a5.jpg,Copra_Grade_A
B20230924155041_jpg.rf.1ddfd05f6606d6e4a0b45443e6bf9bec.jpg,Copra_Grade_B
C20230924164513_jpg.rf.21929fec9076a2de280245ddf23a8bef.jpg,Copra_Grade_C
B20230924160047_jpg.rf.22797e80f0ff1557acd4328329d00402.jpg,Copra_Grade_B
B20230924153045_jpg.rf.22024f0594e715f3073820705e38430c.jpg,Copra_Grade_B
C20230924162555_jpg.rf.2317b61f0a57c9cfc47accea04aee4f9.jpg,Copra_Grade_C
C20230924161612_jpg.rf.1ffdbd421a9daca83d52b84831950b56.jpg,Copra_Grade_C
B20230924154956_jpg.rf.22bb270b259f8c80824656b818817c92.jpg,Copra_Grade_B
B20230924160556_jpg.rf.223f53d3fc81d66e3a39929830e3ca9e.jpg,Copra_Grade_B
C20230924165203_jpg.rf.223421eb48df538204a7a7560890cb80.jpg,Copra_Grade_C
A20230924140743_jpg.rf.26187eeff444f297a2a85d5430d855c1.jpg,Copra_Grade_A
C20230924163912_jpg.rf.29819842351b9fd3247e7f8ca05cbe07.jpg,Copra_Grade_C
C20230924161925_jpg.rf.24f8bb4945236b2c685b896cb4a3624c.jpg,Copra_Grade_C
B20230924155058_jpg.rf.265fbb6f8608dc16f973a0556f65f453.jpg,Copra_Grade_B
C20230924162246_jpg.rf.25c05b3b8fb855df61c7b87559836380.jpg,Copra_Grade_C
B20230924153642_jpg.rf.264244f92d6f89dba7554c84cadb56a4.jpg,Copra_Grade_B
C20230924165533_jpg.rf.24b07137cf97b99e57022474880cfe55.jpg,Copra_Grade_C
C20230924162116_jpg.rf.2b115a29fdb0b82bf06d3cdfc4e6b2d0.jpg,Copra_Grade_C
B20230924160103_jpg.rf.2a16afbbba550c9b79d492fa2ffae9d8.jpg,Copra_Grade_B
C20230924164428_jpg.rf.2c1d38550d11bebd971e186e12a796ce.jpg,Copra_Grade_C
A20230924141546_jpg.rf.27546985afa315e6ac55aa3ca4dbe3b2.jpg,Copra_Grade_A
C20230924164741_jpg.rf.285258802cda25bc410c8dc7d89fef16.jpg,Copra_Grade_C
B20230924153856_jpg.rf.2448613852cdfdc6885d25b273608701.jpg,Copra_Grade_B
B20230924160032_jpg.rf.25e8c3156a8d41c6e74b18b5af379f28.jpg,Copra_Grade_B
B20230924154237_jpg.rf.2403dc7ec997a029171d38cc1fb3f2cf.jpg,Copra_Grade_B
A20230924141447_jpg.rf.238fae5da2f3a93d15f5251b8a888284.jpg,Copra_Grade_A
A20230924141036_jpg.rf.2abb54cd779996f32b28da74eaff18ba.jpg,Copra_Grade_A
C20230924165057_jpg.rf.2bd45e656be77a67a48f4caccb14c7a6.jpg,Copra_Grade_C
C20230924162159_jpg.rf.2c3f811ce1ba4a8715910d15c54cca5f.jpg,Copra_Grade_C
B20230924155450_jpg.rf.2791b78c0d43a10642e56ed392547599.jpg,Copra_Grade_B
B20230924153651_jpg.rf.2c3f24854095ef69edf8184db2a6ed9a.jpg,Copra_Grade_B
C20230924162838_jpg.rf.2781f1b61c476df345cbd24bf6131b40.jpg,Copra_Grade_C
C20230924164926_jpg.rf.2764c165e4083312bcfd553de55326ca.jpg,Copra_Grade_C
B20230924160016_jpg.rf.2778d500905df83d7a86ee073e167f3a.jpg,Copra_Grade_B
A20230924143115_jpg.rf.2451ef2fb04eded154cb3076fa090b4e.jpg,Copra_Grade_A
B20230924153640_BURST001_jpg.rf.2ef07fc258fd9d70488cd37bcd3cb829.jpg,Copra_Grade_B
B20230924153440_jpg.rf.312bee44a387606242b5fde608a93dad.jpg,Copra_Grade_B
C20230924163651_jpg.rf.2f02c1a941636ba4061aa3dad32343fa.jpg,Copra_Grade_C
C20230924165331_jpg.rf.2d4cc9472a28e12e1264558994edde4c.jpg,Copra_Grade_C
A20230924135246_jpg.rf.2e4fcc5d9f074475e3b069077d112ab6.jpg,Copra_Grade_A
B20230924153508_jpg.rf.2e7a5544f2d365c0953899b7ad82aeac.jpg,Copra_Grade_B
C20230924164728_jpg.rf.33fb5db742212c5601a6659c9af71cb8.jpg,Copra_Grade_C
C20230924165222_jpg.rf.304ca0e8db759b33ec64c48c9bb0ca6a.jpg,Copra_Grade_C
C20230924164818_jpg.rf.34369157d98b37b48b6ff16ae589d613.jpg,Copra_Grade_C
C20230924161516_jpg.rf.2c8ebfcbaaf0cb93ee60d1856d433523.jpg,Copra_Grade_C
C20230924161806_jpg.rf.2d03d1fe1519ce6a98e74af5a3956b72.jpg,Copra_Grade_C
A20230924142328_jpg.rf.314376446a1e9b91b8da26599af27c8b.jpg,Copra_Grade_A
C20230924161606_jpg.rf.2cde594b3b13bc570a2fb731b5fa52a4.jpg,Copra_Grade_C
A20230924135417_jpg.rf.2d915df7aa0fead7b54387cdfebcf38a.jpg,Copra_Grade_A
A20230924143131_jpg.rf.30f389fb2e2b522918e7b23425d39ac3.jpg,Copra_Grade_A
A20230924140105_jpg.rf.368462bfd6fc61d6feba3112fd7bbc01.jpg,Copra_Grade_A
B20230924153526_jpg.rf.320e07e30416176d071ba9e7d66bc29a.jpg,Copra_Grade_B
A20230924142333_jpg.rf.312844deb89cb936f03bf6f8c57fc255.jpg,Copra_Grade_A
B20230924153436_jpg.rf.347c6b19ed32786a90f4cf222c04240b.jpg,Copra_Grade_B
B20230924154632_jpg.rf.35b371369fe687228bf46b72df6f1a21.jpg,Copra_Grade_B
A20230924141935_jpg.rf.3101c1e28e3332542568e1db21cd24d7.jpg,Copra_Grade_A
A20230924141339_jpg.rf.2c61215b3a10a0e07c11d792e06a5b8f.jpg,Copra_Grade_A
B20230924153700_jpg.rf.36f21fb295c8f3a47983cbd50663d768.jpg,Copra_Grade_B
B20230924153504_jpg.rf.3640dc19ae656dc250f669acf4b9eec0.jpg,Copra_Grade_B
C20230924164820_jpg.rf.35548490b6fe605774e55eaf9431b742.jpg,Copra_Grade_C
C20230924165314_jpg.rf.3744f53cf22f2fc29c0ed58c22006c55.jpg,Copra_Grade_C
C20230924163519_jpg.rf.37032ca846988b46a28a54da8a79074d.jpg,Copra_Grade_C
C20230924163242_jpg.rf.376283405626da8cea10553a496dff97.jpg,Copra_Grade_C
A20230924142510_jpg.rf.3af0de90e0330e8f216e7f7498296559.jpg,Copra_Grade_A
A20230924140226_jpg.rf.3932ee97fec403782a1a484e86cb642b.jpg,Copra_Grade_A
A20230924142450_jpg.rf.3bc0ffaec6daca255bcd2f09a7452067.jpg,Copra_Grade_A
B20230924155715_jpg.rf.376e1ad00561e3015aef08ad55b544b4.jpg,Copra_Grade_B
C20230924163627_jpg.rf.393a36587369a6d455eb4d97724ff2e4.jpg,Copra_Grade_C
B20230924155206_jpg.rf.37b97f5a738c19423f0fdc6727e05503.jpg,Copra_Grade_B
B20230924160437_jpg.rf.37e8483e3ea5d88167f89ccdcf719386.jpg,Copra_Grade_B
A20230924141355_jpg.rf.38299c752776f75e31c1b65ba89726e5.jpg,Copra_Grade_A
A20230924135849_jpg.rf.39e9557219ed4e7aaa30fa4c6981170f.jpg,Copra_Grade_A
C20230924162124_jpg.rf.3cb9983177b969258150a0f06ed1838f.jpg,Copra_Grade_C
B20230924153533_jpg.rf.3a07acdae430d75c07cf9f1b9736d585.jpg,Copra_Grade_B
C20230924164947_jpg.rf.3a3f31f5f5fcfde2820dcad3a3259375.jpg,Copra_Grade_C
B20230924153241_jpg.rf.3abf6adc9fdec9571334a70770c3dfde.jpg,Copra_Grade_B
B20230924153621_jpg.rf.3b0976eb670986e78b397118bf65d56e.jpg,Copra_Grade_B
A20230924140123_jpg.rf.3d07beb5a3375657302928beae55c18d.jpg,Copra_Grade_A
B20230924154100_jpg.rf.3b26247140700e4b038fd221e358c428.jpg,Copra_Grade_B
B20230924154227_jpg.rf.3d1b6a6bb55a3a0c55af0cbe3fa9f1dd.jpg,Copra_Grade_B
C20230924163040_jpg.rf.3cdd9c70b9afc2bb4446d5868de24ce1.jpg,Copra_Grade_C
A20230924143032_jpg.rf.37b2bdb5c038b64d1f188e001c6568a9.jpg,Copra_Grade_A
B20230924154814_jpg.rf.3974ac43b676616b2d5fff6f4920ad44.jpg,Copra_Grade_B
A20230924143552_jpg.rf.3c367826bd6694104a2cb603d00f2782.jpg,Copra_Grade_A
C20230924162942_jpg.rf.3d6ccda4b3f925041bdff0a992595a77.jpg,Copra_Grade_C
B20230924153029_jpg.rf.3ba5ca43fadaef35aa34c6e11c3017fa.jpg,Copra_Grade_B
A20230924135257_jpg.rf.3e5dbe76c10352775a0af9684f9a8002.jpg,Copra_Grade_A
B20230924160653_jpg.rf.3df33cbefbb04e7557c21831103d7987.jpg,Copra_Grade_B
A20230924135821_jpg.rf.3eed6f41c5eab4e9f23cb5af05287f84.jpg,Copra_Grade_A
C20230924165151_jpg.rf.3dd89d1f8c4e2d553991e410ef3f3609.jpg,Copra_Grade_C
A20230924135036_jpg.rf.3e9cf1aad3c6b7b7b594b8dc15047dd9.jpg,Copra_Grade_A
B20230924153130_jpg.rf.3e62822ec49179f58ebb8045bc34d6cd.jpg,Copra_Grade_B
C20230924162457_jpg.rf.3f094b0afbf83201a42cbf8925dd01d9.jpg,Copra_Grade_C
A20230924142012_jpg.rf.3f1e9d2471993ce1b98d914d03b9be7f.jpg,Copra_Grade_A
B20230924155452_jpg.rf.409906cf4dd29f299a2d619ed766283c.jpg,Copra_Grade_B
C20230924162637_jpg.rf.3f13aa3495b592abf6c82ea07026487b.jpg,Copra_Grade_C
C20230924162043_jpg.rf.3e5fe56586470f0f4fede1ca43573ffa.jpg,Copra_Grade_C
B20230924153752_jpg.rf.3f0a8168347949c0f97d11be82bbbe8c.jpg,Copra_Grade_B
B20230924154429_jpg.rf.42455596487f7ca0b2bd1060530a753f.jpg,Copra_Grade_B
A20230924140041_jpg.rf.4299d285f65683b21c18b1bfd40d862c.jpg,Copra_Grade_A
A20230924141248_jpg.rf.3dfdde2a2128fefe6a2bd2ac4944c06c.jpg,Copra_Grade_A
B20230924153159_jpg.rf.404383aa63a13a34972e2be2bbb28959.jpg,Copra_Grade_B
B20230924155044_jpg.rf.3f7d341b7cfe6d6ef333705bb3404259.jpg,Copra_Grade_B
A20230924142346_jpg.rf.433c9615e5aa147d10a0a80d5674b1dd.jpg,Copra_Grade_A
A20230924141146_jpg.rf.3fffef7fe1df842cd76c88154c53d331.jpg,Copra_Grade_A
A20230924141620_jpg.rf.425422731727a6bc183e6b9ac57addf8.jpg,Copra_Grade_A
B20230924152844_jpg.rf.406c3b972555b2ba63f87c0f2a7d817b.jpg,Copra_Grade_B
B20230924153634_jpg.rf.42afa55f5f13d3c4ed5a03cd6c2c5b7a.jpg,Copra_Grade_B
C20230924164055_jpg.rf.43e82ae82a2b87c6744d932ad1031180.jpg,Copra_Grade_C
B20230924160353_jpg.rf.3f620d162deeebbbe1ed82bd88c07563.jpg,Copra_Grade_B
B20230924153949_jpg.rf.418da3179809b400c602f817355a0510.jpg,Copra_Grade_B
A20230924135456_jpg.rf.439dad4a19b43d05c44266abccd61b98.jpg,Copra_Grade_A
B20230924160222_jpg.rf.43dd4e2b657869bbcff7c18b581cc1be.jpg,Copra_Grade_B
C20230924164117_jpg.rf.405b959be4bcb7fa69cfeb503c31604c.jpg,Copra_Grade_C
C20230924163345_jpg.rf.44635c470693c5cdfd3caa5b1f276247.jpg,Copra_Grade_C
C20230924162641_jpg.rf.4544d8d8730ef7916413addaed38120a.jpg,Copra_Grade_C
C20230924161618_jpg.rf.45708a09c990925b701ae3a6b36056af.jpg,Copra_Grade_C
C20230924163526_jpg.rf.46f37d9311278ba5af433b252742a553.jpg,Copra_Grade_C
B20230924155821_jpg.rf.44e99236c5e22b11a85453f31f7f7703.jpg,Copra_Grade_B
C20230924164300_jpg.rf.4414ade33c6df27f2de4c4b9a45e4b5e.jpg,Copra_Grade_C
B20230924154120_jpg.rf.45e59c2312fbadfeaddcdf1be1a22996.jpg,Copra_Grade_B
B20230924155847_jpg.rf.458f98dedff2329fb637793645b9206b.jpg,Copra_Grade_B
B20230924152823_jpg.rf.4487630364e530daed0791258e1b2c59.jpg,Copra_Grade_B
B20230924154702_jpg.rf.46d9727f8d8312bbbeed3c5204eac40d.jpg,Copra_Grade_B
A20230924141137_jpg.rf.47a2dcb08d7663feb0638d370d958c29.jpg,Copra_Grade_A
C20230924163104_jpg.rf.45d062f74eaba96b483157d02c70a450.jpg,Copra_Grade_C
A20230924141538_jpg.rf.47b09bed948a9de2f53cbc38b6182b63.jpg,Copra_Grade_A
C20230924163409_jpg.rf.46992005c58892a330361515a0ad9ee1.jpg,Copra_Grade_C
C20230924161623_jpg.rf.45af3fb325eb7401345724041a43e543.jpg,Copra_Grade_C
A20230924140612_jpg.rf.47b9d3ee45a41aa8ee83c60d95c7affd.jpg,Copra_Grade_A
C20230924165006_jpg.rf.44d1eafefb7089e24227eab3f0a1bdb6.jpg,Copra_Grade_C
C20230924165059_jpg.rf.482045153683dbca5328d5d6624c0c51.jpg,Copra_Grade_C
C20230924163245_jpg.rf.45b582f7a63fe6c15d04db8cbbea49aa.jpg,Copra_Grade_C
A20230924140432_jpg.rf.43faec638b787b177c6cb341889d7176.jpg,Copra_Grade_A
A20230924141434_jpg.rf.48622abfa4a997249b1fb7380542ad37.jpg,Copra_Grade_A
C20230924161953_jpg.rf.46edaa197341129adda121e1f5511be7.jpg,Copra_Grade_C
A20230924140617_jpg.rf.486b8688c50427e6af119e45db64f1e4.jpg,Copra_Grade_A
B20230924153112_jpg.rf.4af6fd05c959e62a80c071f7f00ba6be.jpg,Copra_Grade_B
B20230924155625_jpg.rf.4907fd9f1b152457feb3f16c688784a0.jpg,Copra_Grade_B
B20230924153126_jpg.rf.4729672dc799335d35c15c46d947a5ac.jpg,Copra_Grade_B
A20230924135620_jpg.rf.45cb2a83341174670b949c3ca92970d5.jpg,Copra_Grade_A
A20230924143258_jpg.rf.464f7d0951bdb6bf85853b86459b7079.jpg,Copra_Grade_A
A20230924140039_jpg.rf.4a8d892fe43953cb6231283a637a3263.jpg,Copra_Grade_A
C20230924164522_jpg.rf.488864ed06d949b280e78c10c0a23efb.jpg,Copra_Grade_C
A20230924141702_jpg.rf.4a92973030f520f8a7d82d48efaf7683.jpg,Copra_Grade_A
B20230924154552_jpg.rf.4a3b5908850d1ec2682c83b767ced618.jpg,Copra_Grade_B
A20230924142108_jpg.rf.4b6344ab09c1e1850df6e6b88e602ed1.jpg,Copra_Grade_A
B20230924160403_jpg.rf.4f2947c80785a8ddf2f24991209e7455.jpg,Copra_Grade_B
C20230924164506_jpg.rf.4d1cc05a19edc76b15dbec5a92ccf160.jpg,Copra_Grade_C
B20230924155940_jpg.rf.4ac94b7592b4633451cb9ae4d29a5e1c.jpg,Copra_Grade_B
A20230924142106_jpg.rf.4f3106510b9554f68ecc90e7297f58c6.jpg,Copra_Grade_A
C20230924162202_jpg.rf.4bb8c5142c3fae13462de2ade6880c51.jpg,Copra_Grade_C
A20230924140455_jpg.rf.4d759581da0b4e7b6fa5ecc8c8bf300e.jpg,Copra_Grade_A
A20230924135555_jpg.rf.4f262bbf8c566da22b2a784b24545604.jpg,Copra_Grade_A
B20230924153523_jpg.rf.4dab47cb054403f703813821e01ebcd4.jpg,Copra_Grade_B
C20230924163316_jpg.rf.4ec95bd479bdd7725d1d666d60bf830c.jpg,Copra_Grade_C
C20230924164123_jpg.rf.51068cd1f2fc96da9893f490fa939de4.jpg,Copra_Grade_C
B20230924154655_jpg.rf.4f49d3e60b78685a2929190293190d43.jpg,Copra_Grade_B
B20230924153329_jpg.rf.5039b4e4e1de18194a7d8045c9b3daf4.jpg,Copra_Grade_B
A20230924143017_jpg.rf.531b0be890e5eb93218f3379890c25b9.jpg,Copra_Grade_A
B20230924153018_jpg.rf.487fac3327656a3ea73392b519883552.jpg,Copra_Grade_B
B20230924160052_jpg.rf.53abe29a0f9cbfcda9a104d4f51c140a.jpg,Copra_Grade_B
C20230924164121_jpg.rf.50cb4b20c4ee1e5c880e5912b2326078.jpg,Copra_Grade_C
C20230924162146_jpg.rf.528fd1154a5d14fbe8f7aa63c7d288b3.jpg,Copra_Grade_C
A20230924140529_jpg.rf.53908c8638bd243f1ca60fbae2e3c932.jpg,Copra_Grade_A
C20230924165211_jpg.rf.525441d5c87dc5e2677bced375d99c4f.jpg,Copra_Grade_C
B20230924153911_jpg.rf.53aec8d96f9f668a7d95d81974048767.jpg,Copra_Grade_B
B20230924153828_jpg.rf.4d266af7bc8098bd327cd06c84cae803.jpg,Copra_Grade_B
A20230924141416_jpg.rf.53c109e43678fc250c67f1cf00f27baf.jpg,Copra_Grade_A
B20230924160519_jpg.rf.535275b3fb7a136d5f27a91d504eba75.jpg,Copra_Grade_B
C20230924165301_jpg.rf.50eb5b1c14ec4e391bc2144d53dfe8ae.jpg,Copra_Grade_C
C20230924161524_jpg.rf.51300bdc288cd09e6a41dd5b94b8977b.jpg,Copra_Grade_C
C20230924165009_jpg.rf.53390e41808290b3d976ad2fed26e6d2.jpg,Copra_Grade_C
C20230924164739_jpg.rf.5625da4d967add41f2d35b1b05b3ae3a.jpg,Copra_Grade_C
A20230924141003_jpg.rf.54c83785a05ab2bf81d8017d8d83acfc.jpg,Copra_Grade_A
B20230924152820_jpg.rf.55b8a55b8d975eb97ab3c06bf6f2c162.jpg,Copra_Grade_B
C20230924162740_jpg.rf.5441ef61d55569a21c0b72b1f03ed64b.jpg,Copra_Grade_C
A20230924140949_jpg.rf.5559d437e98a2fa15399516392519ff7.jpg,Copra_Grade_A
C20230924163908_jpg.rf.51144e91cb8ab2ca623be04ef6437a65.jpg,Copra_Grade_C
A20230924143118_jpg.rf.5688bb52aa0f533c73042a92f204ff53.jpg,Copra_Grade_A
B20230924155309_jpg.rf.546ce70f2735d650fd1efc2699b5d975.jpg,Copra_Grade_B
B20230924152911_jpg.rf.56d6955b046bb499645822e0d9bbad45.jpg,Copra_Grade_B
C20230924163548_jpg.rf.56e33f779fd87f6fafbe6d477ab014a4.jpg,Copra_Grade_C
A20230924140444_jpg.rf.550bdea549841e277b13a61be4e3d82c.jpg,Copra_Grade_A
A20230924135912_jpg.rf.57bff4ee31b0fc21c715d1d7e4c408e8.jpg,Copra_Grade_A
C20230924163917_jpg.rf.57fe4a4682b17aef77a0b2597d1c83dc.jpg,Copra_Grade_C
B20230924160736_jpg.rf.543b045947ddc65b1f055e7cb3fdee14.jpg,Copra_Grade_B
A20230924141111_jpg.rf.56eece0ffad7a1c964701079c3fd955c.jpg,Copra_Grade_A
C20230924162953_jpg.rf.5801da69b1bbb15357cc7e0a8cf41fcf.jpg,Copra_Grade_C
C20230924165304_jpg.rf.5829681c204b8611d73d66ae7c9cfc91.jpg,Copra_Grade_C
C20230924164012_jpg.rf.5834a078a9111fe93e947411ef7866bd.jpg,Copra_Grade_C
A20230924142931_jpg.rf.5848cf64abad274e884908e400785ba1.jpg,Copra_Grade_A
B20230924155028_jpg.rf.56feb61b70296159151b63af4b104921.jpg,Copra_Grade_B
C20230924163425_jpg.rf.57b8b5023cec2d76d3e24c5dccaf24fd.jpg,Copra_Grade_C
B20230924155516_jpg.rf.585b92d2b437ecfe24c8837594470ef7.jpg,Copra_Grade_B
C20230924163919_jpg.rf.5ae0361671fb71bbb0f063e3826b12a5.jpg,Copra_Grade_C
B20230924154657_jpg.rf.5ca6fe5a119babfcd7a2d51db26c3a50.jpg,Copra_Grade_B
C20230924163534_jpg.rf.5ad9c15ddc8b7d1c0e99c7a2da861101.jpg,Copra_Grade_C
C20230924164249_jpg.rf.5a0224a9c312d2eba8eaf05a1717dd30.jpg,Copra_Grade_C
A20230924140143_jpg.rf.5f78e43471d95f1a517d4514d7ea3651.jpg,Copra_Grade_A
B20230924154448_jpg.rf.5c4a82bc65d7153094de637941ff70e7.jpg,Copra_Grade_B
A20230924140111_jpg.rf.61c3d7ec0a486dac93ecf1be74267e44.jpg,Copra_Grade_A
A20230924141422_jpg.rf.5e0efd3da5ecc31f833e1892697c0ff0.jpg,Copra_Grade_A
C20230924163053_jpg.rf.5b22c7405e604f9c716afb6a3f7d1fe9.jpg,Copra_Grade_C
C20230924164302_jpg.rf.5e56177c1185fabdd0379c5dc77d1165.jpg,Copra_Grade_C
B20230924154343_jpg.rf.5d77454d69b06f39d3e7efce17b32567.jpg,Copra_Grade_B
C20230924162934_jpg.rf.609243dc9747c36a83af552b5457b149.jpg,Copra_Grade_C
C20230924162522_jpg.rf.582b0b0747d8e85b90d56f1996e68cf2.jpg,Copra_Grade_C
B20230924155131_jpg.rf.603b1395bd7b67cb03b8e36624ab0a90.jpg,Copra_Grade_B
B20230924155156_jpg.rf.5e676d0144206220cef80bdc616082cd.jpg,Copra_Grade_B
B20230924153444_jpg.rf.62e439d46cf97c6f656c359a0c9ed992.jpg,Copra_Grade_B
A20230924143249_jpg.rf.61cfe4006b40f88f7ee6a2b36ddd31b1.jpg,Copra_Grade_A
A20230924140302_jpg.rf.605bfba870ea98410b0f12214b5455d3.jpg,Copra_Grade_A
B20230924155046_jpg.rf.5d92fe0686945e6675c7fc788c619299.jpg,Copra_Grade_B
B20230924160305_jpg.rf.6344797deb49d4364e0c740955abd630.jpg,Copra_Grade_B
B20230924160409_jpg.rf.631c35e58f56fd27ac9b731fa96d6cdd.jpg,Copra_Grade_B
A20230924142252_jpg.rf.62a630ac1ca8cfd53a8e1a20cd888958.jpg,Copra_Grade_A
C20230924163657_jpg.rf.6402f2419f05281ecc1696857371e9cb.jpg,Copra_Grade_C
A20230924135602_jpg.rf.61ddb25453eca7946b875f9fecda1266.jpg,Copra_Grade_A
C20230924163922_jpg.rf.63739230240b4b5c8ec2ff26bf08dcd5.jpg,Copra_Grade_C
B20230924154027_jpg.rf.64b7b9ffb867d3402b57daa8a41facb1.jpg,Copra_Grade_B
C20230924163307_jpg.rf.6417c0c48d30e8dc5be1133fecf1cbd8.jpg,Copra_Grade_C
A20230924140009_jpg.rf.648b428f239a6673d1fcca96a23388b9.jpg,Copra_Grade_A
A20230924143126_jpg.rf.659fdddd2194688e1067b9b404d1630d.jpg,Copra_Grade_A
A20230924141347_jpg.rf.63f1abd6af6af028d260d755f9588b31.jpg,Copra_Grade_A
A20230924135608_jpg.rf.669e0daa360522ec0ed50a7edd8e54ff.jpg,Copra_Grade_A
B20230924153232_jpg.rf.65fab6dc0b95e54cf7e62fd9e7e29ae8.jpg,Copra_Grade_B
B20230924160250_jpg.rf.68d2ac06e7eba4ca9be9d7ba14b8751d.jpg,Copra_Grade_B
B20230924160112_jpg.rf.688024fbfae9a0f90ae93d54122afeb8.jpg,Copra_Grade_B
B20230924154659_jpg.rf.667adf68cc1c5352f05861f0e098d7b7.jpg,Copra_Grade_B
B20230924154953_jpg.rf.6451babf3f02ead3a202adb7cf50414c.jpg,Copra_Grade_B
B20230924153227_jpg.rf.6889b444dcc020ce1be0363a3f3e88a7.jpg,Copra_Grade_B
C20230924162403_jpg.rf.673b9b8f00ff36718eb140bbeb73e615.jpg,Copra_Grade_C
B20230924154603_jpg.rf.6715377a2d803cc51b5e007c3cf85754.jpg,Copra_Grade_B
B20230924155646_jpg.rf.68723f76b6a740225cbbbbf2c7801651.jpg,Copra_Grade_B
C20230924164115_jpg.rf.687b303ae250e770825c35ca699e3c22.jpg,Copra_Grade_C
B20230924160621_jpg.rf.663970548eb0892c67a50c951873acca.jpg,Copra_Grade_B
A20230924142052_jpg.rf.66a930ccdde64421066adcedf1835e52.jpg,Copra_Grade_A
B20230924153940_jpg.rf.676a2798728ec11f5f88db293f2f3026.jpg,Copra_Grade_B
B20230924155052_jpg.rf.69aad110888927672894acec55b94b0f.jpg,Copra_Grade_B
A20230924140417_jpg.rf.68b109232cdf60fd0b4d75dd5ac36a0b.jpg,Copra_Grade_A
A20230924135719_jpg.rf.6a8e3a49eafa8626069e66b47d437a2b.jpg,Copra_Grade_A
B20230924154821_jpg.rf.6b4ea311b6578d29dc6c5ee079ef3ad5.jpg,Copra_Grade_B
B20230924160101_jpg.rf.6b265516a34a4605adb3e6be5ca583d7.jpg,Copra_Grade_B
A20230924140043_jpg.rf.6992c9753fffcc42f4eb24324bdc47de.jpg,Copra_Grade_A
C20230924164502_jpg.rf.69179c14420feda62e1d2a3d8bb67b20.jpg,Copra_Grade_C
A20230924142528_jpg.rf.69ac758486f0b646253506b07eefbe4e.jpg,Copra_Grade_A
B20230924160655_jpg.rf.6a3096dad366b487e7db35d1643853ba.jpg,Copra_Grade_B
B20230924155823_jpg.rf.6b1d640f613193420321bd117d776ecf.jpg,Copra_Grade_B
A20230924140550_jpg.rf.6d2d5b27754463a0cdd45e2f189d5748.jpg,Copra_Grade_A
A20230924142938_jpg.rf.6ba6d3c9af8ff09f46ca40a94bcbb495.jpg,Copra_Grade_A
B20230924160359_jpg.rf.6b37cee6a6960dd8c74afcb7eb4f152f.jpg,Copra_Grade_B
C20230924162441_jpg.rf.6ebb0c3bd933d04062786c5d7f066c23.jpg,Copra_Grade_C
C20230924161740_jpg.rf.6d86a3c1b278fb9060943cd9774b6610.jpg,Copra_Grade_C
A20230924141240_jpg.rf.6df5f9dc1a4eb9d4825f01574da56d4f.jpg,Copra_Grade_A
C20230924162545_jpg.rf.695f3bea951e7c002a35a473360d77ed.jpg,Copra_Grade_C
A20230924143157_jpg.rf.69e3f4865442cd9549d13c87af3291af.jpg,Copra_Grade_A
C20230924162627_jpg.rf.6c76e6298527f5028d0dd097b3254895.jpg,Copra_Grade_C
A20230924140007_jpg.rf.6c143b0916c319f189bf313ca1e75b4b.jpg,Copra_Grade_A
B20230924153943_jpg.rf.6f54af0c788dcc15f4d271d873c2d932.jpg,Copra_Grade_B
