Maturity Stage (Days),Initial Moisture Level (%),Temperature (Â°C),Humidity (%),Drying Time (hrs)
88,50.15109520309446,36.82301161918575,56.570329959088085,19.78
87,68.95423439968228,29.59813964657618,40.333499581324055,28.94
92,56.550230719255396,39.193916990560886,48.14285663858237,20.4
102,51.23701993340255,28.46014959019341,54.51126529055617,25.63
130,63.65043901595928,31.777044956323987,47.098347124796355,25.71
110,60.52552409276698,30.62058563386466,68.66020303247339,31.38
92,62.93724069069415,26.157268208454912,77.8622482165618,41.95
85,54.91035833012043,33.86061427760564,46.47937118733096,22.67
128,66.47848316052823,34.296918726511876,65.11727834948545,28.25
110,58.68711623635147,34.274152691589656,72.73362524423584,28.16
100,57.95356695938127,29.315728295847578,73.27554806593174,32.5
98,53.69165588855167,30.77746164236891,55.24557773899291,24.24
103,69.1680129163591,39.933484499053385,74.12128364970474,31.76
112,66.58204640417894,38.96881177239221,46.87484356522611,21.2
80,59.504724182904695,31.845818118502365,74.07938138699777,32.77
109,69.54451339386358,32.992405476309635,68.48391615184332,32.96
97,67.06067680810098,27.142796875834247,70.92326836407055,39.58
87,69.92225375874995,39.76864808625141,75.27132244213962,29.98
123,52.74501631183411,33.33890896233131,40.63764644263649,19.38
84,69.76358388036596,38.93271831167684,52.48135736492178,26.38
119,67.16426990354915,32.286696297578146,61.1785987831852,28.86
123,50.20020907096212,26.106154069270715,76.32476382507119,30.4
126,60.10417914033501,28.969356839491407,51.586367366955145,26.01
115,55.98232136235951,32.329153245101466,71.07085337849327,26.06
130,50.61503757461723,33.49222688065578,66.87975791263355,21.4
89,61.10827113059714,38.075662667472045,69.09630097501558,26.89
102,66.3164597721762,37.57367896692111,60.66499175939391,26.72
84,51.713619174959334,28.130738980717297,48.41398851400486,25.69
112,58.00848002992787,33.84166418921318,44.739546563506806,21.61
102,59.72428304569092,27.358452219239712,50.22067352914469,29.42
130,59.79571848560559,30.192750736435972,52.69680720362879,27.88
85,69.16735445602774,27.86354717475584,61.72201008698757,38.25
130,62.093865254400136,29.36491717733368,45.859188099330424,25.05
84,54.36549490572786,31.661543319967787,73.40278238706361,28.61
83,67.17881878237,33.267926507543464,40.21556499972593,27.01
91,56.78646528820685,25.988267175216855,53.35497426861599,30.55
88,54.15607803950227,31.4422112330289,50.58780124116561,23.9
94,61.62490081233205,34.964981222956666,42.340717515378266,21.92
87,60.562108757385204,27.05866176653229,45.79457850155558,27.26
119,69.92149928541802,29.662065496443155,60.33758045521847,32.88
117,69.92751783447815,39.62458712890425,53.568719164964506,22.98
128,51.058617269499806,37.542075986258595,69.92964348538024,20.47
118,63.02469619046733,32.36236239634041,60.71610684800151,27.5
105,67.03983851638269,36.11222420210442,76.48875118086539,30.34
115,53.655991550527766,39.59784455870209,67.3468221534815,20.38
109,67.0918459267363,31.424646455001685,60.38480171334923,31.71
110,52.177240739585685,28.263907047916177,42.15884935762199,21.13
96,68.78046550994806,32.32558276705165,58.49714190935981,32.09
108,68.32930969060263,34.32652295136195,43.90712892256706,27.07
84,60.33391692933985,31.172471132568447,47.41259776914585,27.62
80,59.143585635825175,35.605800544942596,51.9838268279416,25.86
130,61.229525108942,28.800770535242265,57.745099236081,28.63
90,66.06145957806999,39.433052083390706,54.8254318813363,23.64
95,51.138201442126224,30.787871830149236,68.2400439232222,26.99
84,64.35619644747973,32.01722037101568,50.80174681290957,29.29
86,61.821621877752065,29.47482631907707,66.33533091821569,34.94
119,60.66885681953609,34.65541350421766,77.1399320783186,27.46
123,52.270505130131,30.904403969692005,54.66244115545372,22.69
84,64.08180313733271,37.25187792266648,75.84968982085807,30.52
97,53.71052059257455,37.961526422992044,51.34446417858671,19.46
83,56.533607502507216,38.29925154632196,47.12845708343374,21.05
92,67.41100865995476,33.75342289798788,47.380739765201696,28.36
101,59.01477721167224,35.246417838752485,71.00820814208612,29.38
122,55.82158731986328,28.82456080538008,51.10936378609,24.86
114,55.11429345571169,33.56672272882838,79.2213977459067,28.4
127,69.31405296059478,33.8160161260098,41.15182753572541,23.17
127,64.12118206955913,31.790012179870146,54.99433294926296,26.97
106,60.153451956794676,26.011631350386757,46.64988681894767,29.32
107,53.73388188702643,39.95827988483214,69.68793500122813,21.23
130,68.07728364617417,38.84434340114292,45.61237615540935,21.46
105,59.07093799239365,26.21036361804635,55.757921300820996,30.9
121,59.905627116053935,25.304934562056026,63.13064287302726,34.22
117,57.60295059732046,27.23988604463837,79.70873113140188,36.92
102,53.75199535915002,38.968785267935736,66.773344076444,20.42
96,66.66571658049271,29.35446333388,63.00208762118923,36.24
112,69.66716082068481,36.14197660849234,69.28932791364772,29.91
103,56.7077432900623,29.12891318610765,58.23419955213342,29.0
110,62.38357742970063,27.43607218695846,40.1566148504335,24.25
105,69.6314728212701,31.520828688218696,73.92708227853616,36.53
125,51.45174978463585,33.03288220972143,49.31079597277737,19.77
85,65.44668275363571,27.65810149782271,59.89176700467486,36.4
106,62.47175892815474,26.16793408700578,78.92616274486444,41.28
121,56.78521146689866,30.2454349109958,76.80912901253151,30.0
113,69.80622392221196,39.69259243301533,60.562034659641505,25.7
126,55.159046007126165,37.72459820811342,75.92933966600152,21.01
99,69.46101274103165,38.6538618727955,56.69959436833331,27.36
87,63.98494563557336,38.77778727493547,74.460182665901,28.24
84,68.11773192537154,30.45889357017675,73.8198847505395,39.4
81,51.913366222284274,30.49264476184849,69.35793290661164,28.52
113,59.771589446099014,37.526936642767026,52.96552408405476,21.64
129,69.60254686706267,35.38560940203283,42.26199115269339,25.78
112,52.907791308053916,32.49292891230166,55.32463119069807,20.05
100,55.21170891270929,25.633176221266147,64.64463622148736,33.6
85,67.06805143713711,38.24058335832203,57.27511571150676,24.26
118,69.31342945871715,28.540205619025237,41.62626492784738,29.49
110,50.65591068752439,27.021562224481094,79.16632884475297,30.7
115,65.71181089191914,36.17052459806852,45.835357777190644,22.42
128,60.62402341619375,32.17442155643597,67.82719780593868,29.53
113,55.48156518363685,26.471662290846822,45.77110608800857,26.32
116,58.59668377368864,31.484345044750466,46.042958616938705,24.82
123,66.23758596916025,32.28371357890239,71.3815983449193,34.15
120,53.68738146433912,32.21944536954411,45.48033462035242,21.36
129,60.433040903505905,33.671801822988314,71.44987509039555,26.19
121,66.38266974110243,35.596092400538,64.94350445070836,26.54
92,59.59395961854986,26.470455648952406,66.75599796554411,35.15
98,56.846023811785955,37.83001610162922,47.33989865036254,20.21
109,67.45695898128923,26.321296153698647,75.8802269237498,43.85
114,61.301359877677285,30.183779277107,48.23117031515642,25.75
114,62.40435794215272,38.8080418727663,54.534286468153006,23.1
100,58.19186223134567,39.15355247464385,49.89682365802409,19.39
121,60.22194355538045,34.39405895566079,54.14002983291718,24.27
99,53.613061247186465,39.870077766747315,47.187939850921204,17.39
107,68.16687080507744,35.631156418152706,63.68543312400905,28.38
107,62.67121562791387,39.00576737563844,65.42981482855,24.49
98,59.379349307965455,38.11981395483956,73.39986193432212,27.46
106,61.6392708943935,33.69619177823243,43.000048146951286,24.27
93,52.52958276847385,35.110483963379664,50.558575652969,19.07
87,58.567375086046376,36.69109970673667,75.76834009419167,28.23
85,57.69802282420877,31.994910558906852,41.92955718161522,24.07
99,52.96760095672896,32.11915165565186,50.914334225829094,23.25
119,68.56189417987378,30.34457330008152,78.98111729114693,39.66
122,62.32125976446244,33.41102942104115,41.758056051301686,22.21
86,58.31486666134762,29.69378595076281,56.05028796800216,29.41
101,68.99384959977313,36.489150118957554,78.75147065403803,31.91
110,60.80264501244956,30.664181248101883,72.9950019642259,32.48
90,66.04211871342616,28.578187535083984,74.15241738647464,39.9
105,66.41970257323065,26.713156758117595,77.11871582332458,42.93
114,60.93865981656803,32.174906693707314,77.97889327296218,31.16
80,51.681958903946395,35.44349560765143,71.49358746679368,25.84
118,51.081223137198265,37.61852606267284,50.29625518504383,18.38
110,69.68612416196777,34.225881696416224,55.535934180670694,29.47
102,55.39582532775848,34.61974735716002,46.414513863655245,20.02
115,64.50091370519702,27.69293825633947,70.96860884480418,36.96
112,54.75730450863283,30.09744053941358,62.884825315686925,29.3
101,56.461851244286564,38.23908135403066,62.57080573699085,21.75
94,51.06932338922806,34.57046525250587,47.84043475857427,18.62
115,63.013282314462444,33.87646952473143,51.74052862246768,25.63
126,67.34573769624231,38.10909121875834,48.89360589014454,22.92
91,65.73637297117989,25.9768579921082,59.20792795861618,38.87
87,52.31490295374488,30.042696098290158,54.25454466024518,24.59
80,66.94951454202811,39.69213766537368,58.58487313424521,25.25
110,54.489537419495704,25.89424473740584,57.58677182382742,29.92
105,57.2754271498451,39.48153046728355,63.23271865729682,22.7
120,67.87444560419635,28.179872767071593,41.98410127970004,31.19
109,64.58359589761476,31.116053869621695,48.18421825003384,27.43
120,50.601286657412736,26.649769202975293,73.88168159580891,28.26
91,61.13573427484609,36.2437891324739,64.31343534719531,26.51
105,66.04813510435154,34.70526689978796,76.52481271499987,32.8
83,61.22411447230986,32.002928275589134,59.68993257826008,29.49
121,67.71182848070357,36.661052923736875,50.93652209916172,23.71
93,54.50651794305667,30.437692446074173,51.96492456708681,25.09
124,63.59878035903453,32.665608434236916,72.85574035953255,32.58
85,63.565717960243944,35.066935604694585,70.30436373003087,29.69
126,58.74339086319684,32.07599827314283,44.11730804223477,21.91
88,68.33523393602647,32.00645207007701,61.22986440219043,32.58
130,52.78359442909843,35.511294048286246,65.48379410537851,21.68
103,64.69456869380365,28.99449850346651,47.491162373216966,30.01
129,66.85531522295553,32.86357649350811,62.75416212030397,28.05
80,59.0620833318206,28.745005719504192,66.30415803459721,32.83
82,54.92603949139735,33.6582623479508,72.77817239988498,27.69
119,53.1611551754996,39.9056572163118,76.33912614391984,22.18
88,67.24973814672113,32.69987521789585,46.871693208043254,27.58
114,57.379090437962745,27.053186985390234,49.09158839143538,26.48
96,57.817376734116124,36.770262194367824,61.04937188133581,22.16
81,66.97113562536902,27.15198990483851,64.77967207204914,39.9
82,57.440040370704565,38.9494405578331,40.57917134378367,18.57
118,64.74643439779983,26.06220703642587,58.997648065316,36.63
100,66.32034627645415,35.44399384960076,55.29210620089981,26.13
80,56.402663916648315,29.78063605377615,77.50089433300121,31.18
101,57.57298429614682,39.090444025076394,63.995621911118334,22.43
111,69.99961039616974,32.820807037551745,54.92434381543585,31.33
117,56.49439060853484,25.2701121699533,59.49666252669499,32.48
104,68.01490360304564,33.20154693242216,57.75519480033242,29.97
108,50.92345922059876,35.25445997379033,50.299963957239584,18.26
115,54.60846317643289,33.60616411670743,67.68381766972595,22.66
109,52.867402965074874,39.052446738996956,76.03644751884738,23.1
109,65.27865058134272,28.65746416434566,54.35438371897376,31.89
116,62.50844749137216,32.57715056138752,55.05980170305212,25.2
89,50.36098103662836,39.6576516124056,55.885861129723054,19.15
92,54.63697805089912,33.09352764714745,49.90533665638025,23.29
118,53.1822710732737,33.60471726236765,50.48263499827751,19.53
97,55.795459917799604,34.00492129958879,47.78648814979418,21.26
107,55.47820978611299,33.15235820472758,59.97482238330297,24.73
109,52.414468131282945,29.580066428244336,59.990050660427535,26.2
97,55.08027305086554,37.32477592636168,76.34233576781139,25.13
128,61.14454419611538,30.64707064060125,60.289054747644016,29.69
108,54.554894590884146,30.081352711788536,41.56176306994867,22.64
96,64.17648710269835,35.71837079114778,63.92214838175215,29.97
88,59.22293559555775,32.73702221126151,50.838074995115676,27.47
106,67.69821875208248,38.30157214595087,46.71063671258706,24.82
110,60.68946486231465,27.561674182421026,48.747635611767635,29.06
99,54.836523336759015,28.259114934675665,46.22677861498743,24.68
82,55.690254477175756,31.451080428638914,77.32763282545801,31.97
111,59.08252043841853,30.56282684027806,65.6185360769226,29.46
129,50.69951184495496,37.02714343881719,48.90595753280436,18.0
124,62.07497756562447,27.61833443771144,76.74078294435343,36.14
123,69.65847020519233,38.4304032832342,73.08249116750494,31.77
103,55.79432458964152,26.604833080159498,43.18105768967081,23.52
89,63.69061153717069,39.465513574633476,54.03754242080375,21.95
114,50.868117680451576,32.708077255535876,46.11635009560914,19.66
126,52.811149523897065,36.712948270531086,55.36258721499371,19.93
94,50.4263879594598,32.05799791880243,70.92893155849858,24.59
110,50.97127152200732,30.954219355578534,73.14255218328995,26.87
128,65.98414075576316,31.255695815807446,68.1486918828798,32.19
128,57.31749233757761,28.869553138163294,73.28099299237886,31.95
126,50.981258967694906,30.175033362337274,53.67122097783055,22.44
95,63.706261207322086,31.457471156068415,50.72130817006736,27.54
108,59.470882830840516,37.65512229991511,44.46380498035807,19.25
82,68.73236824027725,33.511023677680555,76.4849036011737,35.81
119,50.79584727523395,27.03468200304122,42.245527299009666,23.27
118,50.731292529519656,29.88045368715325,40.91502352735806,20.23
117,54.851851475849415,30.420257443965323,65.87293967790387,27.45
84,59.330888941862696,34.150185356631354,73.49009436864934,28.34
129,56.48462688049099,25.726465834241793,41.41594431852505,25.79
125,62.46189165033876,30.245458311076227,68.17781818995851,31.98
117,63.02778029908397,35.863195041103026,54.62877872028193,24.37
82,59.1029385765192,30.393628955191144,49.338380081016076,26.56
102,63.823825105799145,30.393714097979647,72.19619555922631,33.71
105,62.28125957360681,38.076513917758845,41.68227333676698,19.88
123,67.79121899071441,37.00146048031152,73.66009414768624,32.26
123,56.65541362232993,37.02692745509841,67.2599269006069,20.12
83,51.35926798033966,25.45648609796959,59.27576699945992,30.69
103,65.47531121347363,37.519610014393365,55.068510398090424,25.63
124,53.15005830531561,33.83400352947883,54.993607242262186,21.25
86,59.440768550416124,36.349313994493826,72.37238725151373,26.82
104,61.13775879858976,28.277023533164808,77.08113564006754,36.27
126,60.81114176351839,25.7897312918753,58.74264205531688,32.87
118,55.72876596197372,34.8233416398985,56.41097374685008,21.42
83,64.77166996828545,37.60425834679228,47.425876851671504,22.89
108,67.77692743836323,35.09504921259117,78.3756043642284,32.91
129,68.85965886762146,36.58570390801392,77.85978323419303,30.04
108,50.203080054939996,32.984996874458155,62.12918980667878,23.0
128,58.33474425276904,31.797495182198194,50.0738840544621,23.91
84,69.1997198284349,35.31190392940718,43.749200732566166,25.56
130,53.85322414126898,34.31863452281964,46.82310267926216,19.66
119,65.72918013816388,39.38581241952685,74.17507122167481,27.53
100,57.33823408462114,38.60040990373012,52.06990420127723,20.63
104,61.45975509251655,35.2959994320711,70.34366798035609,29.09
120,55.441257740271105,36.06828496949362,77.72357965088698,24.48
112,51.21270318576613,33.15720435378511,57.75899324069982,20.64
122,52.59642860465694,37.003649249883956,60.58296387366043,19.87
129,56.511988923987026,26.201522761435086,49.28012816220651,26.82
89,57.24906598157265,33.558901454552725,64.29407751698723,26.14
130,62.66205749036646,34.32502838524695,71.57225182869041,28.11
129,56.55095533057934,36.793556567557566,73.72030323873935,24.0
83,62.77762711012169,32.97341162221148,78.56902861816707,33.72
101,67.39171961447556,33.06899298079085,72.87495929483666,35.19
118,55.24205775807574,31.78241778034253,61.25035148023524,24.81
95,62.16294439671933,26.448295369504276,73.53285268467278,39.4
98,57.5470867267826,25.56097313427147,77.2351057358151,38.72
94,54.84213128136404,32.90024585198432,68.41120992958834,27.62
127,58.76908289353524,36.9653343405289,59.59093595700752,22.1
109,57.492380162399044,28.937930951702274,41.3464080050907,23.61
118,66.49080575982649,30.42513985782501,65.94851328952907,33.05
101,53.71061000674304,25.96957633626702,56.43088127324846,28.63
122,57.575613436556,27.11634763228729,79.59922211544709,33.58
84,58.97458486469769,32.23790999802741,57.51485513456079,26.25
118,51.27396332849696,35.073738505027826,65.89519583020551,22.74
107,53.360743479527365,38.343664883337254,69.46255146728896,22.49
105,64.39321044624913,37.22878919443049,49.39400704870348,23.9
110,64.84873694469711,27.8780535534394,44.57196104053975,29.79
121,66.46304351530729,37.42802538275615,71.86943623182776,28.47
100,55.37902277842576,32.776276195602435,70.3659118078693,26.59
108,54.013757971635606,35.88412311870816,63.33897424679536,21.29
92,61.457761891838906,36.41047147801986,72.06009977639513,28.54
121,50.08365715128532,34.503382503119134,57.19320177200696,19.06
90,62.73368412363708,34.01550055354779,70.10810861841972,29.44
82,69.19870249727566,38.90572374140905,42.66583654132001,25.28
107,69.2834356406976,37.43401496625915,41.4166791260643,22.46
122,69.28389643933198,25.78955893403162,68.66903400013246,40.67
107,53.6139268709013,35.24703611223258,42.37167975182951,19.29
121,56.66935220034986,39.84141156115602,64.59889698439585,20.13
94,69.92164141584759,28.920438579034492,67.23497891238316,38.26
130,62.723281120940726,30.036377998275896,45.301821913935164,25.85
121,58.27182560526996,30.492007925681342,46.25844222198526,24.02
83,56.713252731021306,26.93173241581442,43.56134604322505,27.89
88,50.607926425894846,32.48714147170673,52.00535655475694,22.44
87,68.07146673853254,32.85931753712906,44.365249111882505,27.3
112,69.91379757383417,26.70409182154515,62.537620319383194,39.16
88,61.27449087694956,25.819201344370537,48.71740514651704,31.67
128,68.72168997869878,34.12109680501208,73.60831689471618,31.7
111,67.40059169606283,36.774736983848186,78.38985865016028,32.54
83,65.45742262263154,25.603916906556915,41.548218669090346,33.87
111,64.18508954888016,30.236900056556216,73.95157710442196,34.21
113,58.76111104358805,37.50645344632119,68.0154131848812,24.85
96,61.428663315435635,31.125112220710584,40.225722687016365,23.86
89,69.00922392105335,35.51088164218705,61.87032877814482,31.54
90,66.90283525446654,39.85646488931896,73.01113155230775,28.68
91,52.32848251017703,31.880666195757495,75.08845632313732,28.13
84,50.214890517615714,39.72035831436838,72.9946018570109,20.85
109,64.11467493118855,37.49932167324499,71.39999222026196,28.18
102,66.60515280777155,37.24431759612726,42.83659422242066,23.13
82,56.74749498446487,39.69332983822521,41.087490187324796,19.13
83,66.72632360392402,33.68682856297102,56.727426304112896,30.74
115,50.99671973328428,36.650101286911536,72.04398644585022,20.71
109,69.07546579612962,34.64886509078366,75.6230060371269,33.79
111,59.39153256604273,26.98330626357639,72.724821120699,34.99
92,55.72579662459782,38.149705284120294,58.33286536410699,21.0
96,56.67012033930463,29.825228369568997,41.70267034675228,23.55
106,58.82788523004291,25.563533792604037,76.27960029932191,38.24
85,59.34387758101104,28.206099965520757,74.58288988810038,36.36
102,55.336041929703136,35.08379721808483,46.07058051386321,22.07
100,67.92271745879073,36.768394772242075,45.87698321907036,25.45
109,68.59602891229386,39.06018514605331,63.67707862299724,27.0
97,63.87246223312739,28.293222938730224,62.41629115494531,33.86
125,61.1355594013021,28.38338147948933,58.87886612103382,29.74
83,63.997317980075756,33.44158354788115,42.81596217976144,25.5
96,61.45080667967662,28.39195910805023,53.672543466273076,28.3
124,57.68738901475012,31.431996929657213,66.79865077804372,28.19
100,50.425139977555716,39.09308733675804,68.932841272511,21.21
126,64.66210356973578,32.778499645733696,53.60425609621474,27.05
112,55.494189796345005,37.67776029706941,46.08704438635697,19.08
123,65.64764472579895,29.31241803470153,66.30519565594584,34.91
116,60.18207316865375,26.212935481647456,71.95103028653641,34.23
125,66.09103354335274,34.461343306412225,60.36374187545624,26.74
88,59.84762079956061,39.0546644289237,65.00912310502413,23.32
121,55.17009637962576,32.02226253975947,65.48619586082957,24.75
113,62.935048673894556,38.75436946211076,60.890420529351715,23.79
106,64.83689283591653,34.35188189119387,77.41701045569843,32.04
121,58.380456636401014,29.77493549656921,42.695782250588856,24.68
101,51.407232343433016,33.50096406947473,59.61037702481314,23.95
94,52.73900720010867,30.217566370482118,60.7937858007314,26.0
110,59.644450568926146,25.492353671185523,77.39192123638227,39.97
128,68.91965230993438,26.33409243884831,71.17634853441764,42.51
95,67.46130069153429,34.80720099551123,47.83392435911861,27.92
89,62.67267698910656,29.26471518440977,57.34287951280808,30.6
103,66.35581742338657,25.95000949057722,58.40467377913171,38.48
99,65.40068280857112,33.25708574727327,78.38802742478734,35.2
114,52.405052107241,36.17765156369208,46.92238674319522,17.77
121,69.36905172550655,29.13593983564083,43.900002200045094,29.13
127,59.62140101725652,32.79753065072114,62.23284915249624,27.63
84,60.32675673872631,32.1510230033743,70.59286803245195,31.59
119,61.44787944505284,30.63347550939356,43.82256086894844,23.65
125,52.0764782889855,28.296927176120658,41.42436298288771,22.96
103,68.07887426237397,30.070500446958206,75.42121731252065,37.25
123,52.622435316639326,30.121799217641136,75.31959298470898,29.82
120,66.02512172429482,34.955813780621796,47.32504677995873,24.0
82,59.18761187625387,32.4675254969036,45.50684702110082,23.89
86,61.91487028354434,31.533846466842085,52.1871232086107,26.7
106,54.57066422740172,33.56295439494469,67.75808508161073,25.53
120,64.97705496938906,35.226777997346275,47.45749679233406,24.33
115,56.72605360795847,32.18568422193007,43.64938423967322,23.26
124,59.99106971640046,33.16388951734319,76.1719985356203,29.47
88,63.898283676232204,27.009302961176115,68.95586026679271,40.19
92,65.48211393007618,39.912572276605815,70.78155511390003,25.86
95,50.235751006003966,30.755598342950137,79.37510020215431,30.01
120,54.30693186708743,38.723227958429405,44.84691359557843,12.95
111,51.19347337819089,39.493985257304374,60.851775615341396,18.17
84,52.28714932284826,35.44960184231717,75.2346034746563,24.56
120,67.57983934350582,29.53691408607968,72.95758106431259,38.4
114,55.936939644297176,27.313496357562883,62.31211558091781,29.61
99,61.82059125572026,25.793545364097795,72.61094825867866,40.76
103,52.95003749562794,29.20374793890171,54.28389463884188,24.41
97,50.52893672441739,28.691393196028315,52.75937378747907,24.85
89,69.11244108697247,35.28322835705361,59.12790246752179,29.21
106,66.24945864995644,30.57577628852842,60.2975448405494,31.69
81,60.5682039092325,29.50465225690041,68.07760126239909,33.67
98,61.10385220796057,28.59099294361023,65.82402073631486,35.14
102,58.967457797900494,30.330839069872628,74.30986178027031,35.04
97,55.11684038411105,37.17126628179926,64.78508512544451,22.72
89,66.80835330646691,32.62289122478361,56.675194675455224,30.85
101,57.45107727303849,34.56338001478552,70.61809677614741,26.18
121,61.68316271581792,32.9808073886623,68.3685922933114,28.08
94,66.36724914009108,38.82639815081135,77.57400573028801,30.49
110,62.88555099056585,25.596806697900927,43.40460827337163,29.87
126,56.163161727704136,36.601759029858265,67.19203064423242,22.34
81,50.1926671992548,34.2837654378655,59.29482773968307,21.27
121,58.252881753690716,32.296931994956054,68.97611625813798,28.26
129,67.89745783819389,29.081532101355524,63.729827112016956,32.73
115,64.05191671859444,26.697499078594248,74.91171553750124,41.48
117,67.80042581799896,35.42457130877675,46.91004479609572,25.13
106,67.17368986902792,34.080299487288215,58.696823764742604,27.44
128,55.87613108642397,25.89171812582128,51.685395976313444,27.52
99,53.154245105561984,36.40940386467405,46.16797479526418,18.85
103,64.005294997991,25.257432584762046,43.097715730763625,31.54
88,69.32677891871164,25.981491024077684,50.379742644278295,36.71
119,64.56256285424503,25.192769803649252,49.55540122767191,34.31
99,60.722925776291696,32.38011337956926,41.208520648484715,23.22
94,56.68069667635892,39.54571257496056,72.15400774592702,22.13
118,68.28761450516943,26.901732829749648,70.7934821026559,37.24
119,55.214116382312625,26.764049419918287,60.90364911411075,27.56
123,67.43800883291826,35.986534448180464,44.76588612328267,22.44
119,50.58180664915889,33.78198477441238,53.476484895234634,19.0
127,66.87768793915816,32.37034214519873,56.91105280394931,28.9
128,55.38296695546969,27.238782677349363,51.68845628599961,27.45
82,60.39369276789924,32.38565706530754,74.05193969656366,31.9
130,50.00287946522437,39.823576567776946,47.01304200241513,13.81
112,63.878068274841254,31.124271859688132,71.10672602208894,32.95
102,66.75025980058204,37.80816763532847,40.50974606681579,22.94
125,63.97400000214385,33.228158732556736,62.587823441146334,29.8
83,60.73168679373848,34.90884791161097,40.96713196654802,20.92
107,56.24956656859403,35.68728254855904,66.16362998674958,23.87
112,50.25998119796833,31.196542399066953,61.91255622885116,23.4
87,54.86499883109456,34.96807998719389,41.71485898992814,21.04
102,62.788954537646575,26.81739409749716,69.49797877327356,37.14
100,65.8932939710343,34.322972456368745,72.07711328955492,31.42
117,65.43528378308707,26.76687159853279,44.90262432769019,29.44
87,57.78325635167195,37.04029542096333,50.01164290057934,22.22
87,58.31360441004178,38.17290154779651,63.40481508177608,23.16
108,62.6442367747554,38.26112165139749,63.873887010564076,24.63
87,57.817762667741235,30.28740179413863,73.69888657665373,31.81
90,56.85922568340061,26.693474477735165,78.2872152997135,37.7
95,67.6435386786839,34.600695201357894,51.70726571566662,27.37
124,59.214278989242786,33.93760808611435,42.27664461836531,21.64
106,50.26006058910826,36.658894751821116,67.33600377213656,20.22
110,67.33414936206786,30.74196407048077,68.74230650317347,35.61
97,57.15452250708074,39.40808123184732,71.51954727011743,24.04
89,65.12777812459646,34.122642752112185,63.382399662560104,30.62
111,54.74078477803723,30.96952271626072,58.88025720842588,25.22
108,55.449633898510946,25.953872471216727,52.27873109035308,27.71
80,65.79878707334849,29.301318406645397,57.87330576302482,34.21
98,58.17722182667386,32.874069608701845,41.268000527206304,21.41
128,59.37451866776222,35.970821934224375,71.45243447493463,24.95
89,64.27596325729547,31.905646673720554,53.15625590101534,27.77
97,52.59787322651169,28.05134739861289,78.29284928612472,31.31
80,55.078347401160165,35.86741867040949,72.16445001506312,25.64
110,56.35972331863415,32.92431537635706,65.04561716970532,25.33
120,67.4140435332128,26.993551540008934,60.620294768990355,35.82
91,66.55654528882732,31.68884270043918,47.60759077675076,27.27
99,53.765160485719754,36.889659503401916,52.52096475263886,19.1
116,63.562869580413434,36.31762502972457,42.39725640336157,21.91
103,69.63149269247877,39.614988664239796,65.75241165434386,26.96
81,59.206376003493375,39.77065520593364,64.07440674928034,25.08
81,55.57360797756097,30.013000035438925,62.731349140461916,29.31
115,51.75273290733802,27.274157752624767,55.93042916923178,24.56
85,63.47545333263659,32.47405766359591,41.71624034989976,24.05
109,60.690970767491486,30.996871744935145,42.638515942938604,25.42
97,69.09843484797781,29.577101195459452,72.29192018944772,39.16
125,51.81387788270619,28.419246862207984,49.22514988317733,23.89
106,57.83871187047066,38.99545222663217,79.34562070125803,25.51
129,50.55365233274889,37.789612742588346,61.397562445953795,17.43
108,60.607853173654235,27.19843306819591,77.04346344271703,36.75
127,60.858109737173116,37.273981775004565,45.10534252113322,19.7
102,63.50077974540145,29.714257820190483,50.56785119653653,29.41
93,66.82048776488966,28.907799647772258,55.6390651685154,34.4
95,64.4654303943135,27.864171804968148,75.01715414979033,39.99
123,56.13742139598878,37.89174618538083,41.24763999703391,17.03
104,65.04176619505992,39.80807335600137,46.39828840445218,21.54
113,50.72614325167324,29.281097525283155,50.78829142529594,22.45
88,62.13934906806854,29.762292668670945,76.20775430249512,38.03
90,54.09374993526382,31.049071268962635,51.00533801402674,22.99
127,54.29286195438082,34.9873264189617,72.35084407762754,26.83
115,51.395298241166586,31.230906781595767,76.36199979395448,26.5
119,66.32497678329239,26.908094282932336,73.72345832855095,42.04
119,65.29038341964502,26.085355513165318,52.10175688290246,34.46
127,64.52964694448141,25.548274577686843,54.90394625006061,35.72
110,68.30518620783806,37.33996582515607,69.42327801826553,28.66
86,63.8375977004904,37.82052600267311,76.41162676078372,31.05
96,53.268670794724756,38.05173945170236,76.63681034718732,25.12
98,65.01944262922973,37.75216578675021,68.91819145033426,28.59
91,59.36054376053242,34.06803916837742,43.648705220904,23.96
86,59.32197353711395,29.4044140774384,58.10637883371214,32.12
116,52.057013862601,26.826056031989957,77.09149897211665,31.79
94,68.69950898365197,26.3898528910351,64.08436138189984,43.44
95,54.641304624975405,27.73452809345892,55.8479099774672,31.08
121,56.30571938183057,32.841927173653595,46.74205146249773,21.11
87,64.42187855168314,37.76572743899971,79.01426183424377,31.55
88,64.79390847879147,34.79957786369151,68.23999061454488,31.66
114,55.418690750790695,27.00938548213277,72.63244901965231,34.63
108,69.23448401391954,25.008843773438315,47.915968273728325,35.77
96,54.71076905994083,39.30460093997706,59.66621278603412,20.81
87,58.42274021888883,30.726740667619534,71.60564128578676,31.56
101,60.39397667417879,28.6191912605877,79.02575567234786,37.99
86,51.68941494179773,29.296754398043365,67.28784634091406,28.92
104,60.03008168814386,26.117436757065313,43.52987330192609,29.97
90,55.95056074500208,37.55154220726068,56.15144127223061,22.47
97,53.084990224504075,33.842003982359856,63.97979864401393,23.76
101,66.14352269056208,27.041018103474045,68.90009718683223,41.09
105,66.96371342804169,36.84657807775327,66.8180099199059,27.36
105,61.800903815881796,28.657874711920343,40.55568460948138,25.43
105,58.57830016430022,37.07753183631981,71.36754530967875,24.52
108,61.04253895120351,26.66106279898074,46.625066243157264,29.86
95,60.576344073023385,33.057737070663414,59.61274345365464,27.89
89,65.09901529051855,25.64039805696604,62.83615245912107,41.61
107,64.732779202706,30.221707818014615,68.79289007009568,34.77
91,64.97216259327259,28.903760748746016,56.39068514356542,32.37
107,52.66134154770256,39.06561928586854,67.39075837597244,20.15
99,63.30228357249983,28.122389350359235,57.116370710914595,31.61
108,62.66350615371067,25.584257841504293,78.51037182557197,41.8
101,67.44136980140196,29.71614979322204,50.252942878728035,30.48
87,50.695183262967866,25.204188000139407,75.27321512710293,33.52
90,67.39439685298336,36.90348042696396,46.4219792754838,24.98
94,61.5202267428067,35.3788883019507,69.01166847988989,28.62
92,66.32465868906277,30.436887007638532,61.10997265789065,33.5
119,52.16085757878487,38.81185376240299,53.787677918245635,16.91
120,66.63106689270938,30.81667095955688,51.20466547164186,29.23
130,60.91414615000748,25.794055007054162,63.926574723220114,34.5
102,67.5442267951116,34.43257227647206,52.678643008282336,27.01
88,59.82398087040325,31.640605932518287,43.489774845473875,24.58
112,59.464841247670286,34.59383758071824,45.598306284530885,23.2
85,58.14053073404304,29.839114246330315,55.31110081910829,27.1
112,51.7729185134369,34.86170859655243,50.99157759086579,17.89
84,69.69267684907105,29.425010513157716,74.37668199810723,41.91
108,55.128431358835115,27.1462815266794,52.55044114063811,27.35
95,64.5090975144233,34.19157915234563,58.17101944660776,29.03
118,50.599984838675205,25.56049282853099,50.03755012186801,26.53
103,55.67223361339282,31.701299109457636,73.7572431540232,28.55
103,61.0245773165328,33.64887189480808,44.10382237774145,23.76
126,68.89314542429639,39.19083567908186,44.18030210078864,22.32
119,66.22906664946656,25.581324401252118,78.52061619177353,43.05
101,55.85964312970647,26.804125729348737,67.7029136385851,32.89
100,55.044786037308555,39.04060003173922,41.48244296014698,15.96
91,65.17721254154054,26.414059984461794,63.179162637074995,38.3
115,55.79907970826107,39.51807000593969,72.90891282307798,21.71
113,69.20720099581627,35.74526649351508,65.50493324070965,30.17
112,69.24691030467713,29.80964471871294,51.33298061709165,31.2
126,67.77463255721811,31.963050715045934,43.89240619474077,26.02
99,60.09523608651298,39.19512158840442,40.66834183458526,16.67
111,56.08171952816194,31.46706609166384,63.42958039222241,26.02
116,53.981918828848826,36.36392036953743,51.196076885297884,18.38
120,60.597468939364276,36.108353335874035,72.91373034389275,28.16
103,57.88835841869727,36.66355953833586,57.80786823171102,23.66
96,55.348247333913946,37.71424211688166,51.65449973698813,19.68
98,52.706818960859025,31.2733352371267,65.8566092204824,26.19
126,53.646660613415854,27.742842717481967,55.68287680172321,26.05
82,64.99774573801157,34.700688609551285,65.35519613603726,29.64
87,62.76585091628232,38.36159843073099,63.726872493269084,27.79
105,55.24975868346931,39.52480878282656,68.00447751920426,23.43
96,51.48834887194944,33.120167545497424,72.70869828429242,24.96
101,55.19185815869566,33.36176619431724,43.85536722727217,20.5
120,67.01412983622984,39.965650771427704,66.47807315371071,26.23
99,61.1268621005611,39.67296146068106,74.95021596809295,25.17
116,50.3117856548552,33.93433240346404,53.14871583135665,20.37
86,54.88436898798628,35.311013117939,56.90891333739974,21.86
122,53.55133678812861,33.102443816964225,76.06821683782526,26.27
119,59.554324794492345,34.82199697922388,43.72637698581771,21.91
96,56.21735373743285,29.14132661793911,65.65613009836646,29.16
95,63.558377553190404,38.89741650470626,56.907097207608714,22.98
129,58.633457810508745,35.188962821044996,45.13297692263629,19.96
105,53.929764238653675,36.71244929921526,57.60618817272281,20.98
124,54.543426641006704,38.090290040010956,44.01470560962562,17.89
92,67.7024552099935,28.473858588490835,49.201705725291944,32.37
91,58.43273941160954,32.18578803562656,66.03471640643161,27.24
102,52.64503790446801,35.1973863055441,57.667701071715896,20.62
108,55.69100587985343,28.954056034149662,72.41935173784104,32.83
95,62.38611778496787,31.07358464061723,63.90693708994189,32.03
124,64.77498780294916,37.06328477560777,74.70451962234796,28.76
82,69.83697779241031,33.030720262378125,74.61249525417124,37.46
113,62.285689291132606,38.3038039081596,40.862645450704655,18.27
82,54.5922712515014,26.768659330479107,46.528079703064684,27.17
123,60.45930333039052,38.45355170959901,48.840767594719594,22.13
113,67.85484592753669,25.696028495625526,55.04233597165124,37.65
83,58.837760214900015,32.27929714444964,62.4355505580013,30.26
87,58.15673334873053,34.53477689123203,66.66920806995242,26.92
89,51.194733131219664,28.170718121566615,59.04432593514399,26.79
87,68.24742567296188,36.92383308082606,40.87602373666855,25.58
104,60.43500685093916,28.393553407656057,60.940821485875524,32.5
115,59.807258767236,26.38580013224315,61.22067442982734,33.04
103,58.46430615405369,29.53522774784941,56.3642885002748,28.03
90,58.79583952506455,30.956827664168305,51.305925901442116,28.63
100,61.74062407334993,33.18893535879208,76.55470332106722,31.92
88,53.3078877094225,39.824828928412686,57.16815137566884,18.49
95,57.11517767231492,39.85839725330303,60.58226119208873,22.78
127,50.32913809273467,29.35993239290063,46.81042297598903,19.95
128,68.64949346075588,30.35687001582483,74.33324198826607,36.79
106,53.89986668601828,39.98860041894144,73.49806325103667,20.38
103,63.31574019401115,35.619754680180975,66.683657485016,29.24
84,60.12533316700532,25.734952799646425,43.247133029317155,31.64
81,66.9405918413247,25.61672135370111,60.97683078850146,41.33
92,67.9990147355197,29.08109233878154,55.19381081762377,35.47
86,68.50909629763464,33.68454960383381,42.835267087679306,25.07
95,52.99923547103094,34.85893235561029,59.497741269239356,22.19
102,63.379129726787056,28.714112012137708,55.38643990814234,31.27
129,68.38519820215788,26.81967013247076,66.52107284202796,37.84
82,51.61474032734351,32.25866998199952,49.987655672610444,22.03
102,57.91677439531665,39.225816983079554,50.16215693234319,18.75
81,54.701285134687375,37.96273851159742,74.71668270785707,25.28
112,58.00821054708548,25.76731764703646,51.56853585192127,30.47
101,56.29483455842264,30.66048268322013,61.90368222811564,26.36
95,65.75584392832292,37.43041833929059,45.11346141540695,22.01
115,64.87632221490023,39.073304072251254,74.36352627281835,26.06
126,57.04256627287564,31.270195467782592,54.16608710742757,24.59
96,66.7555360001602,37.56475443526037,52.1015351428594,25.61
100,52.66364947755976,27.506852932699704,55.961591460876704,27.54
127,62.063472838714574,27.126472082950013,55.734572256606924,30.98
95,59.906800441199266,37.47843586620657,67.53760733849904,26.96
112,52.71557143825021,25.506464254989375,78.08269349655242,34.61
116,62.078608535637684,30.344401501228766,55.597892321462226,27.9
90,52.6581628430389,36.798636210919724,56.156110184553825,19.88
98,63.31825792998321,37.82462270014692,41.35479525652114,19.82
106,66.62064052494706,29.55470761757765,64.41996430706031,35.51
130,51.427856531706674,26.95478073661133,68.83962141604293,28.0
117,50.38438884549022,31.783086126305882,55.716444393736595,21.03
116,65.88091353540223,26.69401603955282,40.33175142222318,30.3
84,61.2496442552379,25.996947510036488,68.1622709944022,38.17
129,57.27749276872696,32.3452356267042,55.62087002835128,22.27
105,60.24773495160634,31.900869783713205,55.63375962574092,27.81
82,50.667750524677885,25.03684589618827,59.73405709541674,30.23
109,62.09434721104667,27.99467735169493,64.42637344982619,33.58
118,57.13430852806164,38.9790186087514,69.75265342149139,21.58
96,62.01116982231987,25.88192772975595,49.31905729840887,33.65
92,65.98118879146942,36.49107586818511,72.13813618907939,30.63
126,57.83103131056376,27.650016917559583,67.36291110147877,30.95
117,60.58364158808172,30.50827454349318,46.77944643967982,25.85
113,59.97317931428356,28.27964510263955,54.81728390018537,27.54
122,62.99385729289796,29.061608222767767,62.98009885881427,31.31
120,54.62803844614943,26.862526251881988,64.53862938945477,29.64
117,50.33684169262341,32.56229554172484,65.93561867395742,22.35
89,61.10871470147418,27.433180114369993,54.87262621308046,32.84
105,52.31074138914293,27.951634828009837,67.25802893117474,29.9
124,64.93946131423294,25.115674730926166,56.8300114371052,35.98
81,68.78988404625272,25.50374305188081,60.69225019582024,42.87
107,52.75807130728916,36.162943391717306,53.319487389077075,20.04
93,55.45021598128028,28.23852735767408,50.84726100038629,27.57
89,54.92833546906021,26.541405062439743,49.3313695664558,28.73
81,67.74694856203003,31.07414218767112,59.98286273015334,35.25
109,67.72918964863388,31.06196691883077,50.52944582837567,30.1
101,60.10902423465568,36.10500240374091,70.59829366979288,27.53
93,55.73650289635169,37.48101703292951,56.90596085492944,21.57
106,50.63385505331584,36.242460576656384,72.67437681527832,22.18
88,53.19058820622126,39.25350669338163,79.39659933148369,25.54
90,57.22900371535256,32.118261840160294,65.6196544826964,27.13
96,53.648922757713464,31.285502429230917,65.91953945385598,28.4
97,61.20828385557616,33.69633539357004,66.17666572120592,28.54
95,50.78145375702578,28.681815713736892,74.34245832436474,29.95
110,52.81851035163829,25.408153963336858,51.56098371819712,26.86
89,53.87312575987551,27.338006998876395,69.21675772880468,32.55
114,56.889708698845844,39.732714103643744,53.48800388796962,18.68
92,53.11193391769496,31.57777919659698,64.43010990475834,24.44
128,54.72690817432237,38.83512402143577,43.572755063201484,15.98
117,53.9452277273157,33.70339786692303,41.69468184174771,20.2
130,65.65608775267768,35.41278525366074,70.94602888118989,28.95
100,60.04538241359119,25.265784148364574,45.665328254510705,30.82
85,69.16414344823292,25.66182932786143,54.951642291483545,39.95
102,64.27924872548728,32.53617932035283,48.44613496536081,26.67
122,59.22423714065406,33.83152907529251,52.39068585823919,23.72
102,53.15218773929588,39.83950707126991,58.6443348713084,18.66
116,50.60190780638191,33.32159923639027,62.11306063288673,20.73
95,65.67551681010484,32.773221772632496,69.16379013324678,33.4
123,61.281619171109575,36.677787266350336,72.39872452978015,25.56
105,69.33854698369528,25.316582401935396,71.57784260362625,45.48
126,67.96715725341802,30.16976602034841,51.64506376860432,32.01
93,62.0637365282661,39.63006987284313,54.30855837177728,21.15
99,65.46469924701803,26.338083466522747,70.87960362054739,40.03
111,53.664269847366256,35.201331394359954,44.53871269417023,17.4
115,60.79301204042668,30.56990840239197,78.64360666961744,34.43
103,63.06705131136361,34.92185042867622,61.806659946619554,27.09
84,51.30691054560427,32.49723668543797,62.28766573425555,24.58
94,58.91914854800853,25.503184478935626,63.2175263544774,37.01
109,65.07316082124825,39.80999787147626,50.9276385345901,20.56
130,60.58691075569169,31.849237946847403,52.84966973127783,26.74
116,65.15047213061362,30.179967914401228,57.77130985466804,29.73
95,65.69101388646305,31.84486308296742,75.40819199343028,34.46
128,55.43480118867386,30.09724356042934,62.73790692057,26.39
121,61.26152881943301,32.07696826738796,49.43924884838482,25.72
105,63.70647887012362,32.76240546992947,77.41955796758992,32.48
94,66.96602867386424,28.895900214604925,79.98433302845937,40.84
128,68.69001186217189,28.616439825457604,45.51839793538042,30.86
80,69.38946300229003,27.52288622022904,74.71995139779425,45.28
121,52.266781901657964,26.394191476805098,47.15509399861829,26.07
81,59.37055692686907,35.226226442112086,70.03493133710813,30.58
128,53.12202007604732,26.012324661428845,73.63435962958005,31.95
99,60.44012594270719,35.76328506302971,51.34906152261591,23.25
106,58.13090777502016,35.76176135944657,58.34836183821603,23.4
107,63.8793945619113,36.52651300830595,52.45923742641599,24.5
91,58.460682157454265,38.26948917703075,42.89441476647078,17.49
109,52.055450810444704,36.0120044089869,78.42404931261262,26.08
81,66.06141666673794,27.342934901146936,58.70293124054069,37.89
97,55.47910715080959,29.52641299449757,64.91592463501468,28.81
96,51.25640260929869,25.60071886610809,64.46470761153385,30.81
99,65.2205758126117,31.760299255930395,61.33987379549397,31.17
91,52.71168034971092,28.92577095182233,77.85219947979806,31.14
120,52.76637081740453,36.64631031839454,41.13538082715518,15.58
112,64.65594269849069,36.82128207667801,75.17149043407741,30.27
84,54.127755208524384,26.71012023816808,67.91977359272308,33.02
108,62.45715621848449,32.6645905594646,64.97062812532107,30.44
96,65.1886814295397,34.68947901990821,78.1270329573935,34.33
92,64.94645701684125,34.73387093867021,41.295086525012984,24.24
115,54.60031745566616,37.90723151480918,76.87944634204995,23.62
91,51.22832435405147,31.94061942447052,55.16567097969179,22.65
114,60.59144445175974,29.235943407062052,78.39505783442738,34.65
99,59.838147742122906,38.23017823215412,73.90703543787436,25.62
81,64.04488049834944,35.1551626464776,42.79887730468155,25.1
82,55.8156351067136,38.524272059516925,40.10949714061248,18.54
92,52.88250363265588,26.22532388992454,70.79433110552901,33.67
102,58.89488728257723,37.20550292527994,71.07799977849109,24.79
102,60.85069560354484,38.12862280393651,77.18999445756133,26.04
106,69.95624340669534,27.578179003360987,73.65555056017647,40.72
104,65.52953167199557,37.55600367039692,71.13049422604928,28.46
124,55.595504899247615,27.476301090123926,63.908363506337196,29.13
113,63.005730815762426,27.2389793987962,55.07405636678598,32.72
103,63.76580999207031,32.94372406000982,77.46159995927249,33.34
88,62.22665663003086,31.373266101808106,44.352968291795605,26.17
109,67.66904691559611,34.26916981339662,45.63017226103892,24.72
127,55.672385133083466,35.851410081902046,50.2098625016885,20.06
120,57.43424241471392,36.96368793403875,71.53049853423511,23.09
117,60.66132966489863,32.079478513038715,40.239227081341895,21.03
97,58.74739280964219,28.62217681824345,62.66183255721687,29.92
120,50.674895441660965,25.74824615109606,79.58076116393434,30.49
130,56.63913763168404,25.93372583674508,45.6577908186416,25.9
97,68.34060999543615,35.803010269937246,76.12170239972409,32.58
121,66.08498903694775,37.94483272900836,47.72008787363156,22.85
129,62.36440665953083,32.09755835687586,72.69260104775486,31.54
102,57.22682090966066,37.445415411313235,77.1749670261087,25.05
130,52.13194644827357,39.671783445048774,41.03716113130455,15.96
99,55.10917135968778,26.35839170531588,45.32316958077935,26.42
96,58.896272537282655,36.77158485771306,46.07526531520715,21.46
86,50.3887542833992,38.34842288969347,42.224258661631666,18.92
117,52.16425022346215,29.9348890911443,44.74044025870016,21.66
112,50.739910734533154,30.797174367431687,71.26440812463592,25.61
98,66.34065621773021,33.3888879168432,68.56709917688109,33.37
105,55.59526857589173,30.808793894995414,45.178382896220086,23.57
84,53.54175270620097,34.14060659092168,67.4318019015193,25.65
117,65.47036869891849,31.222570201405013,65.39899073023099,31.44
124,61.75840145770047,30.28767787942553,72.78242229536366,32.98
105,50.633436353661345,32.64087781304494,47.14766898838473,20.02
109,69.80401507720467,32.41096461401932,73.16702500317913,37.72
123,52.080502907531994,30.831071646835284,55.31034296072687,21.47
106,65.02728346804352,31.49420864844705,40.407444417264124,24.57
118,65.56693429105736,30.154618966703623,50.73858274262303,29.81
80,52.035489708560675,34.562323681551995,72.84879352011687,26.82
92,61.6974369867631,25.602851084390824,62.189935718383495,35.96
92,58.12902706825484,29.508140567851434,44.90134596473703,26.54
98,66.2137669998404,27.44334768465508,72.7929418797982,39.63
108,51.96662168755506,31.124406840247325,42.7751587753062,18.45
107,53.40780744214604,26.54617587173974,67.86853127443491,30.26
82,62.59926574099024,36.96991928567739,68.26564910070766,27.97
102,58.27393196175552,33.87464711013386,51.32863620462557,24.1
116,68.33125650503979,35.94950632274065,51.63366745052472,24.86
114,52.50753590492423,36.19118942474913,41.585879344748975,17.76
82,69.83505569460218,29.301711532835085,53.81495773530353,32.72
127,59.0048392987359,34.18562452257533,61.99873125431016,25.53
102,50.4554377822047,26.202064443937903,52.89597918524039,27.9
112,60.17009728912663,27.020569666934684,51.264839711124864,30.35
108,62.89889573208296,36.85763261422773,50.06087964485829,23.14
116,52.05012204507783,29.323326425563184,61.01827755290391,23.58
116,69.94278474845245,36.64670133511864,67.39583646154564,29.57
81,52.96091980419945,34.87643336267742,55.67548195129595,21.16
113,67.18973980111826,39.32645342244653,65.61292093273315,26.22
117,61.23037082949337,39.58750256133999,79.09015137007812,26.17
111,64.24606958091223,25.14147671785647,51.01914144433553,34.15
107,62.24867563977317,36.35903634984154,55.43040198116584,23.64
93,60.38334489108478,28.999152019397535,56.93061169036648,31.65
108,54.20717282377958,30.967404509148388,60.25096484457218,23.97
84,62.76698976447468,30.50852163203322,70.32134930593271,32.94
108,59.4964165654281,25.902525672525638,73.09848779671404,38.65
103,50.6031352422366,31.075058221966188,72.39396542957192,26.21
87,65.73572110486171,37.61640573670019,57.4396939898371,26.82
93,64.1117868465242,34.401284159326245,52.85539114523178,26.44
113,68.01158364665577,26.873656256512433,64.64575527047094,39.7
102,50.56871847805947,27.291720259557497,77.24216780782044,31.19
106,63.17779546835884,34.3335900865532,55.20712149622372,27.82
90,63.95359129906619,39.407016079733665,41.61111115432901,21.56
102,60.09351623699442,26.955339832091084,47.28125914053407,28.59
118,65.47537736911103,29.771725009201504,48.61784194974189,30.02
106,68.22015995517295,26.207965474622416,66.54379367431991,42.12
80,62.3574759299067,28.139544304976436,60.78642627903939,34.75
97,62.496980208326086,26.47014658442117,75.71648921805033,40.9
94,69.65443442975582,30.63052393898175,75.02968911034131,39.34
91,51.19707466455794,34.779842585269805,53.67669924671344,20.54
94,67.73872344230176,33.48859149305081,79.11531067497128,34.1
95,63.79590517131616,39.1619288045458,70.19968066649045,27.77
83,52.08651780632754,35.27575950990736,49.37927499849138,20.3
106,60.556555560904286,39.42653977241964,48.9484401693808,20.21
94,64.28554092602333,28.557085861527693,66.63913870280328,37.15
120,58.435697380963845,30.758856782914123,61.78678745105589,27.16
121,68.4326399357104,38.44765937090469,40.53345847413509,21.73
85,63.211926105978854,34.78766999119373,64.89152070480435,28.32
111,59.926050496691744,34.490552764765795,49.38004710810069,22.44
123,64.09860329755068,28.287447041400867,60.89324975515171,32.84
86,54.058883201737245,25.227650869922776,60.95067546902271,32.3
122,69.83999810519354,28.18698901410985,66.93979006797429,36.99
129,55.878225173520114,35.39075028093781,43.4881950482568,20.3
117,50.66259439988845,28.315765302720838,65.59540497019444,25.59
106,69.79351954276869,28.628096168858757,64.82380816342932,36.49
122,61.373373038015146,28.28098262529064,73.34628124282668,34.92
130,61.913349840169474,30.80870989247135,68.95264926026195,30.95
93,50.383325522340805,29.04971798483418,47.9345043370854,22.18
96,51.89263841862083,29.54115447775168,69.70427125869149,26.08
93,55.69322124789887,33.890993593890165,52.67072086253144,22.46
81,60.35611136756566,31.63762894918601,56.008547501775,29.21
116,61.06013512604699,36.21499765895598,56.6939480063341,24.32
117,57.57229781752745,27.25698885779816,59.78100150021054,31.5
96,61.69381107700041,30.91924169839715,53.81335957700215,29.23
122,66.84012424985124,28.538977160391678,42.9891602144983,29.54
88,66.48119965284906,28.011573516261024,77.65769130865829,41.36
101,55.26390742795364,29.039094906397754,46.77198237032606,23.93
93,66.9646559610343,39.777431801003644,56.02013750363482,23.38
98,69.73682058829884,36.113228175476294,73.64083979550333,32.67
85,66.38443147004934,28.06327765210113,53.851537393396455,33.88
116,62.31745352152657,26.885777996480854,40.3327386802148,27.44
124,61.28536669119947,26.664097989552126,60.71719807219885,33.07
130,64.01395279070958,39.132659695045795,49.73819511335329,20.32
116,62.12574889859528,30.65137434098135,44.965159990952316,24.93
128,56.84944024504081,31.630614627906624,55.91029679732095,23.65
115,66.08986118062596,36.20337219823127,48.92189517186584,24.92
107,65.13757531885162,32.97259551340294,44.084956169944306,23.02
130,62.86799309619892,33.99018419080382,44.20268515975466,22.59
126,60.528280776071085,37.997213956907395,74.16154299712406,24.55
86,62.818733019549015,27.916751651888355,53.89869979841305,34.33
92,54.42971517349139,33.00702608126523,47.14383784730906,22.8
118,54.03186715230399,33.560336980545124,70.0856506813372,23.6
84,59.9400744122917,26.270538802524758,65.43122347347058,34.98
96,68.48382636953103,30.155516812286123,59.4669007897219,33.13
122,66.17355003224867,38.35787678678156,48.06152529221505,23.21
98,55.22773174260581,31.547827022036962,63.02125137073183,23.98
113,61.89979453868154,38.57077170807763,61.945993060000106,24.73
103,66.65339658209756,39.055848894650595,55.00469566925936,24.27
100,53.35616332437336,39.923456542248815,50.59614054448923,17.27
84,66.51557490816754,33.739335921520414,44.14741634429542,25.79
108,65.20136588683926,28.895527307725878,60.01694811025214,34.57
112,56.3030965027493,36.510723915317186,50.154882687450396,20.6
90,67.82807095580405,32.84377519980815,65.33753570024867,33.49
98,67.01683555421559,26.40754985006432,52.37139032681681,37.56
94,53.93191229631319,31.919682667391506,79.38826593962767,28.41
96,62.436504414870285,35.90256806092319,43.641736195044246,21.83
112,57.683595765891575,26.332689159386852,55.02215216394409,29.44
119,58.32720338596872,34.1264067302226,41.8672632965595,20.56
117,61.85018749986753,35.099897593169054,49.72042380472723,22.58
88,51.67864079205356,33.549702001894886,53.68146245967198,20.64
86,52.373252409891755,29.1983285650634,76.71786010117013,32.12
109,68.81035827846061,26.656011520118426,60.676099594649074,37.37
94,58.48441083761082,26.68260967163079,43.063921055739534,27.61
112,56.53104850851913,27.799747391256982,62.32595487794821,30.46
111,54.64808509670273,29.11016021778357,64.59690075987879,28.2
97,55.60862089262014,25.525016240622183,77.87764870582892,37.67
126,57.03641588785513,34.46425210486133,55.101432902166806,23.25
85,62.841556213039574,29.152899081778642,47.362085220930446,28.26
94,64.54529826383464,34.25766662738916,59.161435623222104,29.55
110,58.79118667848135,36.82659611302278,69.42391072596655,26.67
114,69.49899622560072,30.60352985434656,69.0646618936733,36.38
114,55.30218688021509,37.88803733678108,62.878439059008585,19.83
123,52.62911596323603,27.95737154187858,76.8023939238365,30.23
91,62.33582685558284,37.122010689968164,41.71209276944866,20.58
116,61.757574893716914,28.776438102836703,45.18460138654059,27.26
109,55.29100363292687,27.561739577910796,70.09186569783985,31.32
87,65.5175126321084,29.540500987042307,45.36702675769084,30.06
104,65.5810084067953,38.14091962772447,70.71702400195892,28.98
127,64.15111038576495,32.05588654539184,68.1446316366851,30.37
121,65.79702501086771,31.855307342468837,64.6578362577149,30.45
95,68.91978208318884,25.182269780462246,71.32681117772134,46.4
130,58.255313246341075,25.821192658227783,60.12609775979949,31.75
97,57.24124917248078,39.85926622319344,71.26153433043747,24.77
126,56.59787718706217,26.70085539288911,48.84340538699206,26.68
113,66.74011111275401,34.615973701133576,77.34811765075301,32.0
98,60.295471195148224,36.162414013726675,44.19687923372246,20.39
95,65.52102497588685,26.17560771048825,58.3084279451094,37.58
109,66.08284340653455,37.411289354949986,56.95989032175646,25.16
112,69.70310247342071,26.63877600411666,44.34348648477792,33.87
127,68.34813724275827,38.302342905010235,77.23581413283236,29.62
107,61.592306822741286,34.59930967657493,57.76522168539201,25.16
110,68.6854756855482,39.558889463418296,73.85829771813684,29.33
82,52.619057466591784,38.927724051753785,63.46622223825243,20.25
90,52.09346181243018,33.86534894909101,78.87530285192335,27.31
115,67.03456126948188,32.49826780884954,75.19836279961599,34.34
103,56.06605486465225,34.49725271849302,72.96684101606425,26.71
87,63.59174920419804,35.41376320683341,52.26709361462839,25.43
102,54.00346853415726,27.100560811904547,66.70516754111037,30.37
90,57.24964454867041,25.668299700705465,71.28328290266131,37.16
80,57.79216705845504,30.138792709069378,60.589661075652046,30.72
102,66.77768941941977,28.3825030934544,52.34411003475722,33.44
106,50.04832361695748,36.422374300162424,60.213588467269595,20.84
90,52.793205389454464,27.761162690371492,70.26343298577993,31.91
80,67.23843481424737,33.33248524279495,71.85051034440629,33.9
122,59.062211082536734,26.210211562864384,72.28887795717976,34.14
128,66.64269933632647,37.93413306450958,74.25417597166631,30.7
92,57.80933875525158,25.28427909633156,58.221974755731075,34.01
116,57.99373494082314,30.60340587715711,71.3497611639854,31.34
124,53.70318854650653,30.937229128824143,78.65743559853757,30.97
100,66.98434630395712,28.95644102096828,78.71473081256798,39.52
102,53.34592443979566,36.676403730290104,71.70025446929394,23.54
130,51.218718225787484,26.59139176969437,50.43480274664056,24.51
120,56.581998374224646,32.410479066622216,54.10116185870364,24.64
117,64.66540267668731,32.55146888442259,78.14264346012568,33.69
122,55.759962028726925,28.288601167922145,75.62170583461375,32.23
129,67.59445104644078,33.19202723477238,51.09282011049831,26.99
117,62.824094996685375,34.79260526024869,70.1081760074596,27.07
100,64.56767907652034,32.50737729808494,58.282109484227746,29.12
118,63.73881968825582,27.98404765133654,52.154438882594974,29.2
116,63.57222677846668,27.019167039317818,76.70625330919631,38.15
87,67.94560633450658,27.76845944205288,40.782627021584716,31.31
129,54.95228665507534,39.393496355090626,74.91419692860732,21.82
117,61.0645462567618,33.3489807224964,61.30932032465416,28.37
109,65.8667366184767,36.65155490575034,60.946427469538406,25.48
107,64.3079995867031,34.03847849884564,68.50003883676469,29.63
123,69.61270350131812,32.44941123249879,53.5739532940331,28.6
115,54.17131774155162,33.23717505546617,70.99624695033103,25.88
95,62.277287576720816,31.99178668882925,72.74990560604692,31.16
115,51.091877828143936,37.24711982515653,47.19697844979742,15.42
94,65.43964583421571,28.3979964437089,40.899405239190244,28.45
123,61.31109471373147,39.6702673411002,63.08994322427772,24.34
123,60.53447223301282,34.86818727628048,46.53627226252982,22.17
100,54.740580527740114,39.987198526822134,70.86897165633968,21.9
84,54.44696503656682,25.49625476199249,72.84993342244476,37.6
122,50.41221539419821,26.68668869479166,56.56011039208765,24.69
94,69.3625422395273,27.99541617166769,54.43906061203096,36.85
90,56.96884302595667,28.88687328704007,77.35077529311555,35.82
116,69.706173066548,36.73078673011201,53.33019622998456,27.25
109,68.84241167232088,32.915863668556725,42.50980287847981,25.7
130,60.21282643043965,32.61668097781872,40.76420810616607,21.29
91,65.33299648342697,37.29143259366319,70.69005447917966,29.32
120,64.11638833869742,27.54590920951671,59.67881115484404,34.47
99,52.595209067119065,33.57448952031555,75.995056102778,24.52
92,64.93177851117886,29.794737790322582,75.21256195828235,37.9
107,58.47822354139869,33.87300037287997,71.97963159502024,30.09
121,63.79277320048325,29.597861300034463,44.27474716241017,27.7
127,57.45154529608844,30.349582952720638,60.058023505849135,27.25
117,68.7277363398315,28.05367844710355,45.859720104224955,30.47
108,64.80289179208745,32.611082009259505,51.30508199170064,25.14
99,58.43978723461764,25.182571923629993,69.41937210680717,37.3
123,56.56128949331271,32.656020359447126,64.3711552918603,23.95
94,55.98213438081641,35.762685635315094,75.54480823561676,27.59
105,59.741296235703686,27.979356849821748,69.003346728455,33.94
126,56.02593236351675,35.507751038579464,63.1088120082005,22.84
84,52.22283396799602,37.021943594635914,60.839217624959744,22.2
119,67.22072861098222,33.27816961611928,62.61334511827184,29.97
124,62.5695979981559,32.504380182824576,57.38926445581024,27.23
85,55.73865080106967,32.086944381632506,75.31303165654018,29.95
109,50.439648600603924,25.593463248518248,75.75338969417436,28.75
124,68.4502997424797,36.857149323482076,45.61645760527191,24.22
88,51.42625647320598,35.299424045264615,77.06532302047974,25.04
95,52.5503231859621,26.12458366236158,57.462615536749496,29.78
116,55.64993454960674,37.750120278578265,41.198613025934606,17.72
128,66.36113264139232,26.5930032350943,45.794593422669976,30.97
88,53.84187848192083,35.42025008223925,67.16975946122682,22.95
92,68.32563673956082,27.688312828929945,70.75897718552409,43.06
84,55.85504645670522,32.73431067992033,64.41197247867377,28.88
125,62.75359860469079,39.47249181234626,60.68836539191008,23.17
98,58.1477860285551,33.44234844875551,61.60605059635881,26.29
117,68.80401348412742,27.307448144472474,67.35629476972606,39.0
120,58.15391314016515,28.432123604065847,56.11565255536504,29.67
115,54.8945567524984,35.465673606121285,72.79308106833791,25.54
105,54.66211136077658,37.76301060802193,41.88848552086099,17.08
81,58.417733523742584,27.759460436287654,45.85662789519465,28.2
127,66.30952564935568,37.062095224779235,70.83043234000198,29.15
104,51.223380819162614,33.4011440115379,59.358651532866105,22.31
130,60.17576228208145,26.46206792869049,74.44255771071268,36.05
123,60.63692154127108,36.723307913392766,46.45189711267073,20.43
119,62.95947551811711,33.8711021950746,79.3747151268372,33.06
95,55.814690449214524,27.949922536794638,77.08266441780519,35.13
107,53.1370796846883,37.73180229378939,55.30968314090344,19.89
92,67.83967104442662,29.503568463460148,43.424462719600605,29.22
90,52.47205512716943,29.476010393476493,41.15768571586129,22.82
82,63.94396191824033,31.906729066431264,70.2708886907911,34.31
85,54.143282387597395,26.59809150432564,77.66825438459053,36.14
98,66.35233881403099,37.18843913860992,65.09937492437663,28.34
92,51.986674089441486,28.89558974627627,71.66406015361693,29.64
80,66.02775138724066,33.87397380518388,60.982268038592316,31.49
120,50.63338139965226,39.97641605709215,75.84338133667467,19.78
97,57.50738651345098,32.20171636222041,52.286926110719136,24.32
118,55.18380958575218,30.911402704674245,56.69823638647783,22.68
97,53.15719432847885,29.8423678278783,66.08966297252817,27.39
82,54.19903475293377,31.730970800431173,78.93389246781102,31.82
93,52.630588283531885,26.664106751402986,65.96042287817276,30.33
126,63.93362568911469,38.842302634581166,43.675264568143604,20.45
87,68.3756349289877,39.81147414537011,72.33186532276838,27.4
129,58.36479985102614,34.01249837270203,63.43168829583877,24.12
108,66.13046071804084,28.33995227294431,62.026053342036604,35.03
106,53.64284021583247,32.954724321392476,46.5930726430441,22.35
82,69.5069949193516,36.81063510165218,67.06075771319372,31.15
122,50.91197036536372,30.20349803683775,51.17452876672023,21.72
109,53.190054334518024,36.96219621237843,79.22442993197359,24.32
99,57.39034453427132,26.93934148646854,45.23767049334249,26.31
93,59.480137013123375,29.368181937851816,64.56225600775242,30.2
108,54.29329341213742,32.50107885126606,45.99201457879336,19.75
118,51.74073293141099,39.65176780994015,53.37985216712036,16.87
123,69.84064103879305,35.32525254191542,45.042930719151585,25.27
122,65.4526818817757,29.685872878992047,53.373831278159884,30.51
98,64.06787592981094,26.815023273446165,51.74761196240449,32.7
109,58.45800900411472,25.39386632613945,57.90584185488596,34.36
94,58.6359235293329,39.236154558494164,56.96889617088855,21.06
129,61.35042907454396,30.987607034498403,54.69345825994235,25.15
125,64.05202930968187,39.06587751155193,49.41971003283652,21.46
114,50.83147361111866,31.574421065384314,58.87540281513147,21.16
83,60.56443487691513,29.69317448381634,61.51352369583507,30.63
123,50.23896757214264,25.572559669497785,47.1774738338198,25.4
90,53.303478289653306,36.290108985430344,54.563817064332625,19.99
93,61.31082928335768,35.35668534852908,52.68463093867105,24.33
123,67.0735023228964,36.38623736166683,52.20014996078458,24.77
122,56.482326547634976,31.485048204580266,45.095577367088296,23.25
86,63.69690632560992,27.665946438905177,64.93791414275964,38.46
124,66.96546037014666,36.157891333421595,74.2365116342434,30.27
108,61.57814492804264,28.374262531921847,51.54618302731608,28.78
88,67.42614429891026,29.261694871783547,65.32008651531608,35.98
95,68.98461588354702,36.442832673676946,77.40627688570878,33.25
111,61.73091861985316,25.268321447153735,41.3921254644065,30.85
116,50.332739496004336,29.164899552851978,56.39576044851617,23.29
115,62.11145796987344,39.12776566129877,60.393596683862654,21.94
124,67.63364713437521,34.411807366212706,63.06885796181332,27.03
124,58.76452815766792,39.108560346108554,53.217397062973944,19.56
103,63.94566540278738,27.613814555963685,61.59186947359573,34.19
105,67.38172003739109,33.79404939235962,69.53777304113174,32.81
81,57.57708775952664,31.855029063139987,70.25450069710347,29.87
115,66.1323538530392,38.00010567915591,51.84524291932299,22.05
98,58.983809040389076,26.85448559694174,62.52106188861774,33.48
106,55.30482188651574,28.758688814701223,41.725374283042704,22.32
112,52.00274440302166,36.0967870444788,63.07265463685861,19.97
123,56.449346123121735,33.18133963213482,74.70669290361434,27.37
115,66.12761228035751,25.09093355666811,63.46586233106642,40.37
112,57.14476155628633,33.45589074395781,62.91433670450033,26.17
85,55.76555128316336,35.87420831115291,68.7144367330652,26.86
85,62.04070848516829,38.873734054357215,77.32432213751886,28.91
115,69.87379982200606,39.71970186226761,79.94202332664605,31.73
90,54.15556084723937,31.13061295194052,76.24201877857297,30.23
95,68.23998407987581,33.89909577984434,47.13436848798245,28.65
121,68.59291817369629,38.781407005495474,73.0678887467674,29.15
83,53.60544160575821,37.884711006377195,52.44051444529239,19.61
121,69.13307404433831,36.900545492040614,49.983113645931496,23.44
126,58.84796460987445,31.39529271677526,71.51376174633923,30.21
115,65.22958494601988,28.246545537214622,41.10734857273846,27.8
