Maturity Stage (Days),Initial Moisture Level (%),Temperature (Â°C),Humidity (%),Drying Time (hrs),Estimated Oil Yield (kg)
81,57.17942953032975,33.60382613903836,61.6636135577861,26.25,5.48
129,55.61903506087151,33.782970157077,54.22858790933044,22.46,4.52
97,53.79316546377327,28.576236235583462,67.86100056675814,30.84,5.16
118,53.13754944384303,32.37595713734223,69.49650478118592,25.23,4.74
89,57.05634533014004,30.432557267536982,65.31143609820981,28.81,5.32
83,55.592172877150915,36.103010833131535,63.6266696829314,22.83,5.44
101,55.89062565682137,31.995864217332034,47.87122047251938,23.67,5.08
105,53.634757710895336,35.2408412720758,51.38444984468495,21.22,5.0
109,54.10674707326071,39.13486456155475,59.16355703140145,20.27,4.92
115,52.77968261258621,38.43808971537609,60.6841257595063,20.3,4.8
125,55.3019164617624,36.730927293311666,53.814985263481574,20.54,4.6
80,55.80842652213008,31.50152706299262,79.80543040337814,31.83,5.5
89,58.87454475049902,28.978095882683835,42.389581001650214,25.59,5.32
115,56.81683998394189,37.13493674801289,75.92861932774842,24.39,4.8
82,57.63613537541231,29.59800095489891,67.05924789898398,30.32,5.46
84,56.359648676982665,27.375316144096193,79.22227137689214,37.77,5.42
112,53.88616692570935,26.94595884324298,48.051071363847264,25.82,4.86
86,56.06758116523559,26.540602569018922,62.26178162832983,33.15,5.38
88,54.16512484960091,33.56203714184037,66.62775476220887,24.89,5.34
124,50.81904079186297,39.87712324260088,46.894582755600396,14.44,4.62
95,59.24720574769912,38.778257555962426,51.278193053825305,20.74,5.2
95,51.48891876490395,39.485987905308804,77.5499236194753,22.19,5.2
86,58.90999106773873,31.39886927212607,65.78489512258332,29.79,5.38
102,50.400514099235224,28.5294659034208,50.54912681192301,23.43,5.06
94,55.61117022798241,39.45895437936021,41.42616563689083,18.19,5.22
113,54.08649884999097,33.250469389749775,50.19601926389709,21.91,4.84
124,53.66318999064089,31.027707493111095,76.83289074665846,26.78,4.62
118,59.097055330380144,27.454185910194756,51.94952422429277,29.95,4.74
93,52.63165962284785,25.556864270782302,73.09692693001598,34.72,5.24
120,54.66709190856435,32.11719141032745,70.42245369012738,26.84,4.7
126,50.24140502675054,33.012361671773256,70.6823487594253,22.61,4.58
100,57.75183130311073,33.98513405921159,77.7391195240294,28.96,5.1
127,55.62710141110414,29.89149276591371,77.75401185113721,30.19,4.56
126,53.3185969131071,30.939839510293154,52.99512220375935,21.59,4.58
92,52.55807991177916,25.76446492963143,46.14918551236884,27.21,5.26
110,53.40936476450053,36.18641353755099,71.89853492206103,24.18,4.9
115,58.60988704847258,25.16824193713765,45.59364606738963,28.79,4.8
109,56.91457136141113,36.71345159724177,53.92483888159617,21.11,4.92
104,56.367749979134686,29.244787650887623,69.78789093990389,29.28,5.02
117,58.8594700952793,27.14798930226459,45.4017718640495,26.62,4.76
93,59.968429708791895,37.72395777428231,56.57257207948356,25.06,5.24
85,55.96541055666778,30.702798647610074,61.603895591515965,28.02,5.4
106,56.643795722208225,26.223104391689482,48.778188246732896,27.76,4.98
94,56.170476242865234,26.201395841688022,44.513970594453944,28.01,5.22
112,51.32206055042614,33.81841701505007,71.16552662092589,24.04,4.86
116,51.56346354202447,31.819713371905383,47.90824270229254,19.93,4.78
127,54.06794875648725,33.730545370042535,79.78810332251439,26.56,4.56
91,55.25731750296373,28.718424460472296,54.98277578596414,26.48,5.28
119,51.801504892186735,34.92251648195308,59.47121630115878,21.16,4.72
102,52.46177601351327,26.342630268331074,72.23191791941363,31.2,5.06
102,53.70498327351021,33.05116182145498,50.316922279769386,22.16,5.06
125,57.76639493399385,29.769552507249863,42.34745676358705,22.55,4.6
89,51.15535235317537,29.337102833012157,63.209882325314375,26.82,5.32
89,54.541269940159445,35.49842250824946,53.9332854321826,21.89,5.32
108,55.823936985135944,26.219405878627825,46.51098016566426,27.44,4.94
98,50.073023595700874,32.88753084929604,57.43283708534585,22.0,5.14
106,53.004029860534715,29.466094049595476,55.644166549279966,24.06,4.98
129,56.267954002803194,36.34213941678227,71.27661603597602,22.43,4.52
100,57.74729023011813,37.94929518392657,47.615421119244814,20.17,5.1
85,58.50619780259106,33.248482051444256,47.54718619621442,23.31,5.4
89,55.3294109670579,26.161753034288445,58.14798413610223,30.39,5.32
122,59.693220355450414,38.547189585609644,59.975894154997384,21.64,4.66
127,55.22665429959067,34.12294885228583,69.93518990708935,27.05,4.56
81,51.59006365850095,35.77970741559071,56.53478600117763,19.37,5.48
95,52.74800485497265,29.360826800990115,65.12530256377732,27.05,5.2
113,58.50131368223247,34.600222183163694,53.94805850392807,22.3,4.84
117,55.39725236588404,34.44745581623814,73.84643782333902,26.97,4.76
124,57.874942350459854,35.13067928701121,54.48320332971632,22.36,4.62
99,52.27644611532627,30.884873768615098,57.30701765899593,24.69,5.12
105,58.50196767480932,29.836293913991014,47.21846977375022,24.57,5.0
117,52.09594288850217,34.92367840748395,56.834429488807004,19.6,4.76
86,57.13435983638095,32.54957727964021,60.60480937314075,24.86,5.38
116,59.66943559914492,31.42278400006164,63.86070509306104,27.36,4.78
124,51.536468007346436,25.075249684879747,43.15341780352261,22.99,4.62
88,55.486390744925906,38.13802021277395,62.922157526214114,21.85,5.34
92,54.29477973248161,30.818754457343083,44.22769165777574,21.18,5.26
85,52.546562232073185,36.71492681816534,74.46942359001868,25.03,5.4
90,52.4791374371871,35.161357233043,49.66282029883434,20.1,5.3
128,56.98848648815274,34.71302541560749,72.12164360033282,23.76,4.54
97,50.2536255189596,32.77250408512609,62.76503209073344,21.07,5.16
94,53.72269118476209,33.0567970080164,57.02503441514779,24.4,5.22
97,54.62978871486746,30.309713214219883,63.52589118351694,28.34,5.16
111,54.573146627823554,31.963082558616136,43.323025328819696,23.03,4.88
81,55.250152719938235,25.69885114507873,56.175218380258826,33.16,5.48
96,59.35535479930916,36.79784869936692,59.61105917287872,23.26,5.18
98,52.68811638606274,27.08696334773277,56.71931861499216,26.68,5.14
87,52.757325082554964,28.743416017603835,53.8989813283411,26.03,5.36
103,51.47735655854562,26.23682876357505,41.10663017824534,23.63,5.04
83,52.129532756375816,27.74377747586286,72.35988164089304,31.45,5.44
117,53.28231863118773,38.85830286038123,53.37930326838072,18.8,4.76
87,57.43880819803376,38.734957733090795,64.74197438603684,23.46,5.36
124,53.29590317634302,31.890199172224342,43.55252876637895,19.31,4.62
90,58.27112579217037,36.38088215063451,67.24399373836154,25.51,5.3
109,58.39380005392481,26.802581288998333,60.352026744509466,31.36,4.92
113,53.53349056753051,33.48837082791126,54.17698737236217,22.26,4.84
120,53.079907684545276,35.63756238185974,65.43529932727031,20.62,4.7
100,55.63790360145898,38.59132809673346,64.88292163552632,22.31,5.1
90,51.92210194887517,30.55191324980494,64.72080676003287,25.56,5.3
100,58.770341737735926,32.195339475806435,79.68359644568696,33.21,5.1
92,56.379821366679394,33.93778660272491,48.8017675694162,22.94,5.26
92,50.69989780969478,38.502377393760305,60.462851436509766,20.16,5.26
94,50.12011128942127,35.37962814298153,62.44316529025686,20.18,5.22
128,54.2715064935923,36.66760832536565,42.653681940325804,15.6,4.54
93,58.58924987587361,25.811819482706664,67.33738922952945,37.05,5.24
124,58.15550441866127,35.26416521235764,54.302351516200076,21.12,4.62
105,58.25326285950648,34.12737057747992,49.53943199346255,24.03,5.0
94,58.639818885554774,28.643806764944877,74.05620507308578,34.98,5.22
97,58.15349878721501,38.91918751140879,55.923713840961334,22.47,5.16
85,53.612614247217515,26.496446639915057,66.97339321329821,32.71,5.4
107,58.12672041710954,29.58861367200881,46.521014340490645,26.4,4.96
104,51.568936563528155,28.247712054204836,60.55187663228644,26.41,5.02
96,56.94115639960605,29.59634891045145,56.895802472493294,28.48,5.18
123,56.60778890520818,30.946717912867676,61.9239979042101,26.54,4.64
88,59.39784397240883,29.943809226412206,61.13808484200803,30.4,5.34
125,58.49242300766156,29.428943712456476,46.53488531907973,23.36,4.6
95,55.878809492779574,32.52796441455217,70.88630953512762,28.55,5.2
116,51.44614175470177,28.366147337867233,61.0689443514238,26.11,4.78
128,57.52876365535913,32.344615473956935,49.245423685462185,20.59,4.54
95,54.030741166488696,34.413821822540534,55.79404227444948,21.9,5.2
86,51.1386379612772,32.54166023421344,52.736201399836105,20.32,5.38
95,59.10525665821338,27.844823764699917,74.9893348046663,37.57,5.2
93,59.516690860533984,37.126762744900894,74.43412986048915,27.53,5.24
86,50.704616255967615,36.13758696662249,69.01452157443418,21.99,5.38
111,56.626906925504834,31.378495576518116,71.3293071285953,28.36,4.88
82,50.45253958107673,37.16490419434778,60.24104382979861,19.22,5.46
88,59.37731098219168,29.47668248400987,44.2521434034624,26.77,5.34
105,52.27900749933776,29.708602445918356,46.64126211960478,21.52,5.0
94,54.16570688640601,27.232299548250033,51.533402104019146,27.38,5.22
87,56.5198351786027,25.974475718130755,56.70870884494775,32.33,5.36
98,58.889684349260904,28.83736935547882,46.67467296410197,28.92,5.14
130,53.177073796646646,25.46722147043891,75.02296340889717,33.54,4.5
98,50.88161643286629,26.29642885699168,72.5711479965073,30.75,5.14
119,53.14992145242417,34.249224925984706,62.52918863444337,20.84,4.72
113,55.67323219611697,37.34559968308389,64.08902634858885,21.8,4.84
91,52.13946994456192,28.85943704380668,78.59914315024118,30.32,5.28
115,54.31985924509664,34.68510857413327,60.37459111178681,21.47,4.8
93,57.81303218597908,30.631334007511512,43.930551119197446,23.65,5.24
81,56.458522540658464,25.716737515337982,66.84815083030242,36.56,5.48
118,51.52318357970435,29.46512916768028,73.23863304633029,28.07,4.74
93,57.89615845063554,30.640904827945917,79.24970564370813,33.47,5.24
89,56.93086290193794,34.31723104137488,61.084473819811485,24.6,5.32
91,56.167543872283275,36.01860742386949,41.39460596126505,20.35,5.28
125,55.04738503198165,36.094723171727594,51.42233461540694,19.86,4.6
120,51.945185261700836,38.24286765942092,56.43898546735148,17.05,4.7
105,54.8094635132429,26.63622393290145,51.330125819484905,28.21,5.0
106,52.576680833830096,26.208903170161445,77.06009439742823,32.31,4.98
88,59.95393211289926,29.662445067320675,57.41939324903579,31.57,5.34
92,53.170105991034056,30.30203168889532,47.96202415717798,22.62,5.26
112,57.35451933246951,35.95300925476134,59.72676799311131,23.75,4.86
84,58.99452327280604,25.044008012563808,46.216235166935796,32.15,5.42
115,59.27336294733403,26.03485968093493,77.46476526895853,37.71,4.8
126,58.54269780576442,32.05626625091163,68.61518335381545,28.16,4.58
125,59.53294411765523,34.95522856542091,46.1413272037832,21.22,4.6
96,51.00790132420123,28.09666206430434,70.5386601236601,29.62,5.18
90,51.242826438084016,29.713481462595418,68.92561690074467,27.97,5.3
118,57.70610242237949,36.4992043306535,49.35058631864072,19.26,4.74
122,54.83826116087656,36.68841404898927,56.34822166421549,21.08,4.66
117,56.66553235232006,26.88046313202092,74.13111247751199,32.65,4.76
80,51.217703849903714,35.361928957836355,71.77700525214854,24.24,5.5
80,56.58535798827838,28.996848518383445,49.67205130440674,27.49,5.5
123,54.53126203453979,33.19626734675708,52.329373342283816,21.57,4.64
109,54.63278090625222,38.18027580001908,75.68351304807759,25.41,4.92
113,50.894150003321336,29.553182051839787,66.19591526218645,26.9,4.84
96,55.842588852824576,28.039264890546242,55.12710348256937,27.47,5.18
83,56.28564600812946,29.11024764498686,66.42425638943988,31.68,5.44
91,59.18016775452907,32.351601907161,44.3154434620137,23.42,5.28
83,59.27850914502561,30.090564726357854,76.5633943994745,35.65,5.44
97,58.88258760121916,33.37243223340034,59.04085749180954,27.01,5.16
105,52.99111915647124,35.83196097397605,58.23050318337049,21.62,5.0
83,57.37690885674479,27.583832286290416,70.34162974653276,34.46,5.44
129,51.53550065473192,32.83479677039835,65.10203915532755,21.28,4.52
84,59.14723657251669,31.937706538128666,51.144134065493084,25.52,5.42
87,53.60659469886578,36.660419917157995,78.49973451610333,26.66,5.36
114,59.14785988850224,25.681482465992968,42.411647288529764,28.59,4.82
89,51.959180402625414,39.13429542039668,65.59202891797715,20.83,5.32
130,54.19456515201508,39.33444843749762,77.18143556024972,22.48,4.5
97,55.7548811421735,33.553096721189206,74.39819290222711,26.63,5.16
108,54.2110347529269,34.98577216525768,42.928083614610934,20.34,4.94
113,54.07757895532006,36.235076038993,40.9601530431338,16.57,4.84
103,51.214775323181144,25.519846123115915,51.16277633429076,26.03,5.04
95,51.4163611463663,27.229806578611992,65.09860773948628,30.1,5.2
87,54.161669791292425,36.489660247739245,44.735841676635076,19.64,5.36
119,50.133757636727736,38.589987024194905,74.15232498873355,19.67,4.72
117,50.27948379331715,34.9879495576971,40.73409620714485,17.04,4.76
124,57.29840191075943,26.274675202400868,53.71192732325386,28.11,4.62
96,55.26321701536981,36.40884364498923,79.24996692200627,26.06,5.18
93,50.026408585310854,27.433987465595166,45.85298888944844,23.31,5.24
94,59.82259031379388,31.673663894028603,59.2713477352591,28.98,5.22
122,54.32390677538251,25.64578965349301,47.22297017046569,27.64,4.66
94,55.880483106261075,33.893258953897856,52.57698114858288,24.3,5.22
121,54.31919629228333,28.27946876097654,44.705334880319356,22.4,4.68
124,51.600381004917345,38.136493497319385,61.649871122502546,19.37,4.62
93,50.75364716221731,29.581881764075547,64.23614343843884,27.66,5.24
126,55.20716329844706,27.308276741362825,48.83616640454268,26.31,4.58
126,54.913286193037756,36.63739926494569,54.75672031800371,18.82,4.58
85,57.809604495946076,36.87850568961503,54.59962436966279,24.3,5.4
107,59.533755501604205,33.929253452833045,62.537101124610494,25.76,4.96
120,57.718516139455076,27.83409719570879,78.46208128974126,34.82,4.7
98,58.95579291626083,29.793808055350105,60.204975728885934,28.75,5.14
121,52.10777413740941,29.18127933371367,69.56438273286457,27.57,4.68
124,53.69169327977593,28.23539126919585,52.11662657036537,24.62,4.62
99,58.19541300830421,38.985245153069556,52.99209034817248,21.51,5.12
122,58.661913441497994,37.242249089381644,73.82452595618928,25.83,4.66
106,55.16865577713599,25.699648434435478,56.23832489760493,30.7,4.98
100,53.9064374577793,32.464837354925095,49.181129150345726,21.89,5.1
81,57.515553618957725,35.7506037440238,56.41089887877286,21.32,5.48
81,52.53787460828386,33.40146063972542,52.51714716860696,21.6,5.48
99,50.017610615243555,37.58822494799789,50.56465532036256,17.65,5.12
96,51.79274345923675,30.99511444791922,60.91111496290368,26.91,5.18
105,53.854916597625014,32.3242764311802,61.33503086560522,25.08,5.0
121,54.55939017763013,29.971352045309835,62.66421288299837,26.71,4.68
90,54.60819195841655,31.22765396921551,51.185960778300355,23.02,5.3
110,55.616835089974494,28.4465552064844,40.79984094708478,22.05,4.9
125,51.74910107783014,32.02270264031458,53.418826168584424,21.49,4.6
89,57.79942805217319,25.31072106802652,52.55695907097495,31.17,5.32
115,58.6460050758973,27.86888276620604,79.04110869150713,35.87,4.8
84,57.972651507377606,32.623974648801266,55.07282352985347,25.99,5.42
118,58.159595237214575,26.086597894405994,48.39955202686021,29.23,4.74
91,55.13458638412232,25.171316848558806,50.54381520452458,28.27,5.28
87,54.87483559330079,32.74566462282763,71.66620203907026,27.1,5.36
113,51.68442237105849,30.854314348087676,77.59806462729524,27.29,4.84
95,54.43948939705054,26.119170206447006,55.00036127178382,31.76,5.2
110,57.07735242980934,29.006481089527774,62.91109835019437,29.86,4.9
102,52.341879338860636,36.99176739754513,59.55650450047408,21.65,5.06
90,52.42900876618699,37.20769886461552,44.110803475589215,17.55,5.3
98,58.468426118526565,26.882350849957795,55.58308187430451,30.6,5.14
80,55.400929440879686,26.497813094622884,65.75916539058937,34.41,5.5
115,52.34218098121033,33.146849007775046,41.93335059285594,18.96,4.8
126,56.7672066201783,30.263757833283524,48.78719692073798,22.86,4.58
85,51.623619592943356,37.31065850836305,47.68372342447055,17.59,5.4
80,50.40693259219491,30.98681508878283,60.37387325747815,25.25,5.5
116,57.97599968552792,35.20486553024412,55.581770813111504,23.52,4.78
126,59.828901970798135,29.341416239610417,68.66790469730222,31.6,4.58
98,53.16874968307159,39.57812682070227,41.92459814891358,16.48,5.14
123,50.22450885252522,25.42784621758619,48.596785163237335,23.45,4.64
104,55.67371445149992,25.3333216297129,44.6710292014956,28.15,5.02
81,56.18100136159126,25.384741451746663,60.920933021639414,32.96,5.48
119,55.42279005596326,25.29610184437573,77.84980219218463,36.32,4.72
130,57.610234704568896,37.140659985120884,78.75481902865235,24.68,4.5
87,52.183563732629025,35.34199059515089,43.62147071746736,17.9,5.36
89,59.362114829676514,31.640450528412195,49.27063539324988,25.54,5.32
111,57.54488488058816,39.5100101016385,50.04310726952609,18.22,4.88
92,59.14622044016002,26.244841433841806,78.90884696481183,39.58,5.26
123,52.178079384041204,31.31098962513164,51.490085555860134,21.42,4.64
112,50.22928428372521,25.802893530478823,68.11182282345641,31.3,4.86
100,54.37118130418665,27.23405777663842,43.232528437181315,24.68,5.1
96,59.87892579736789,25.144854667830856,58.87680487809665,35.05,5.18
115,52.171141718829375,33.59008348197899,61.268515393238346,20.98,4.8
83,58.16194223151438,32.809636484037405,49.920689285255904,25.76,5.44
91,55.27407721993344,39.90026017716541,70.46189997625335,23.75,5.28
96,56.5240614142426,36.1910064000206,78.56409231689244,26.48,5.18
108,51.623968633342486,26.926724700683,58.862166218278325,27.12,4.94
127,55.079232478230985,30.601458610914392,45.41942762804601,23.27,4.56
107,59.381022613142605,28.692791495478083,51.895222569777445,27.66,4.96
83,58.849493087405435,27.660639872549268,63.41252399539344,32.61,5.44
104,50.30373470820945,35.10002183000394,50.1326093356561,19.73,5.02
91,56.62250611745747,31.348688384398958,75.17343275126507,30.18,5.28
86,59.1350470417409,38.45058750609207,53.33729105058085,22.61,5.38
81,55.70486891381848,28.14747684322465,60.57781117935305,30.11,5.48
118,59.52216375126217,37.537901294672324,55.696909075129284,23.03,4.74
121,56.028702784420744,30.035267877593597,56.06070457574006,25.02,4.68
121,59.09217918432708,38.561959601707386,49.10155682946907,19.68,4.68
111,50.46660851681646,29.801352809493032,64.44457411661975,24.8,4.88
101,51.650125480232575,39.87177539343161,75.82927187867199,24.01,5.08
120,51.672155675353295,37.412355728554616,56.07413878416075,20.22,4.7
112,50.937198239686055,30.089221379979865,53.85765433669785,23.23,4.86
103,59.36358578217495,33.027146301073685,43.73552661363943,21.61,5.04
102,58.099327190021214,36.72029472058062,72.02882010166066,24.33,5.06
95,56.574173983129555,31.83154927397046,53.467327434724,23.83,5.2
89,57.17444877090924,27.348049694971436,74.45111016820391,34.84,5.32
87,56.491416552171074,32.984311659348876,40.838228678288814,20.35,5.36
81,50.595748934988215,31.982501376878023,53.188468995139544,23.87,5.48
119,57.00985463921142,27.056096444513283,63.40719831150677,30.98,4.72
110,57.80417252320815,28.15284573855046,56.434926535675494,30.17,4.9
127,54.8277802340506,26.599823349107638,73.55783569743828,30.51,4.56
85,53.282185278141554,28.044106765866676,60.479954457296486,30.89,5.4
91,56.16344760429133,30.92570519279733,63.92609329704474,27.36,5.28
119,56.00150710455744,25.801580300612127,74.37225093643289,36.79,4.72
118,50.63622094387867,38.99192596516854,52.32493836228019,16.95,4.74
97,52.334063861845166,27.552497748174343,42.52411754437389,23.12,5.16
80,59.747662537185086,25.930382828560482,58.74471111149488,34.75,5.5
129,51.555151993005694,38.85966915998077,47.057006624405204,12.78,4.52
114,50.3901471139283,25.62020188880643,48.11890712779867,23.44,4.82
97,56.146323508573275,29.311204464524856,44.16814019696204,23.59,5.16
117,51.26766899046355,30.334013585057065,56.6227103147615,22.17,4.76
81,51.41005658008184,29.27615442908736,79.52520419635803,32.78,5.48
106,56.178901480774826,25.836394255705063,57.43317236139072,30.52,4.98
85,51.152207983283574,36.40526445812736,57.3310804731627,20.5,5.4
84,53.19814071743892,34.841784265234324,55.710643884200344,21.57,5.42
87,59.70722752290488,34.48074532943328,77.4048441996204,31.19,5.36
102,54.19383798743121,31.59642469387548,70.99187705270793,27.73,5.06
123,50.350041168383335,37.652074521535475,69.34101338421809,19.98,4.64
105,58.69468973010872,36.90281730107549,66.22093007833386,23.78,5.0
103,55.57569407008182,35.2686030987126,64.32998001337955,24.42,5.04
130,53.355301644615885,33.617347301830264,56.802254090927114,20.78,4.5
126,51.97111188140377,38.68749916416655,56.467462994048816,19.21,4.58
129,59.69715392602937,36.96538584681713,64.98213078855049,22.83,4.52
118,58.668844178540226,32.69021874485681,68.65706837090917,28.9,4.74
92,56.9605225233111,36.760990718947966,67.58128785116803,25.14,5.26
130,59.39176826607168,34.02901992403131,71.21658590338313,26.43,4.5
99,56.93427443349829,32.91071746912432,45.45543666159753,23.03,5.12
85,59.21225653102283,26.51560176297376,58.57646386303947,34.32,5.4
81,59.46746750688901,32.190517925637025,69.3049427231789,30.9,5.48
116,54.872234747962324,29.534390898008986,41.28359467232219,22.63,4.78
80,53.106646319685005,35.676705174640716,74.58755028738892,24.16,5.5
127,53.09904030504552,39.01054955029632,73.99097629051653,18.8,4.56
127,50.81731139356296,33.30025752353986,73.18871761768581,22.23,4.56
104,59.72056970441438,34.782034735633474,78.10951862562197,29.15,5.02
99,50.16617002425608,32.62767317252078,56.95451749143689,22.96,5.12
99,54.45903726960615,27.749527929551423,45.84193627952881,24.35,5.12
123,56.381418641206665,36.36060336812736,62.407494953088765,22.15,4.64
98,59.890692130079,35.65940259062066,58.481638041699625,25.22,5.14
83,54.482341401349245,27.01304953060496,51.18644424655468,27.65,5.44
130,51.03786410421464,25.157016519873384,59.43837708592362,28.88,4.5
122,56.15398408759077,30.644256972614706,53.481226000367485,25.29,4.66
118,51.67972627559676,32.82685264502729,49.14409054985928,19.31,4.74
94,53.19019512444815,35.28407456909332,49.63059684975552,20.71,5.22
120,50.83196293500685,39.955436060624095,42.21151933826354,13.82,4.7
85,57.71102272776477,35.89447222206626,47.43871254465094,21.84,5.4
93,56.42000537806702,36.39048137843176,74.08030391968032,26.99,5.24
127,57.01579951699789,35.55127978183798,51.17036534850672,20.94,4.56
105,55.548204648593874,25.129647299264704,73.47843887634929,35.8,5.0
123,57.712956927499675,33.29428930292237,61.73095930447292,25.19,4.64
98,58.76039444040691,28.327312223013152,71.84621880212825,34.37,5.14
102,59.86632098382342,39.18727034714061,41.95256653846726,19.65,5.06
86,52.57838758848496,28.024639702270882,79.07062571489456,32.3,5.38
124,57.99115431567018,35.85361834170904,61.91299972942001,22.34,4.62
91,53.779099463227595,36.88501791163898,57.030063219598276,20.72,5.28
110,58.851665484272395,38.81776041585012,57.29269539063307,22.63,4.9
81,53.46930390297693,39.09916817355504,47.23108176148728,18.2,5.48
89,51.966711645025676,39.42835418686143,40.38873686302858,17.97,5.32
123,59.27562302089187,26.53714202927722,48.67650227953581,28.44,4.64
93,55.686669893583364,30.592143263801827,62.169483934552964,27.6,5.24
104,54.28735257890379,34.67992447276275,51.03004541523153,19.53,5.02
110,56.34787081442322,32.71713281745453,51.22281262982244,22.96,4.9
114,52.195852355467615,28.31839392798442,73.72596827138838,29.87,4.82
113,51.006688425008036,34.972312699317314,57.757552249838085,20.25,4.84
112,58.58429831651336,33.63751325009619,49.49723518696142,24.69,4.86
117,50.09914431642759,27.909596455779027,73.46375056903989,26.7,4.76
108,55.93354853087689,34.780256879173606,63.66702458433111,24.1,4.94
125,51.84362243665378,25.819076931381815,55.81885356776661,27.26,4.6
85,50.59137246344531,34.49722821966878,48.296323523179076,21.58,5.4
111,50.53804416695144,36.7353853500224,66.19218834622893,21.2,4.88
80,50.31530552642522,34.01531026881628,59.87105970655069,22.4,5.5
121,53.4647350190549,39.82119376757088,62.525051108026815,19.6,4.68
81,55.59194117825003,31.02595344333288,67.49895538706349,28.3,5.48
121,57.63088173964158,34.53056346485701,61.3540441125054,22.09,4.68
122,52.741525824972875,29.123328088352356,75.30785902023635,28.09,4.66
110,55.68891316150629,37.76241423194446,73.55245219087112,23.72,4.9
104,58.442469603911974,28.20350022452416,54.30234257426851,29.5,5.02
88,51.750203159759266,31.679920256236375,78.52544626837161,28.5,5.34
97,56.86398726527021,34.14468568044006,67.94226530791727,26.54,5.16
123,53.30759788442603,29.593963660538115,50.4797488149824,22.31,4.64
84,53.874043443792665,32.79046051697473,44.84959065053247,19.3,5.42
106,56.166606048506466,29.004993751437617,64.00745386040633,27.72,4.98
116,59.567790089085825,39.67218993935973,70.25520327939859,23.03,4.78
98,57.37796816377861,35.4631361718273,64.52039969965617,25.45,5.14
108,57.68572972919559,32.61344195817618,64.23451597381413,25.65,4.94
125,50.215576486448164,28.947009646393315,62.347951902930674,25.1,4.6
92,54.72043947580325,37.11071118716996,42.04595514538469,19.43,5.26
120,51.95118352656983,26.44229570296614,42.38589160108856,22.83,4.7
107,54.07710898728693,28.30919210284096,76.01270130886661,33.65,4.96
88,50.86088300180267,26.53086968919553,50.970387509172866,26.34,5.34
124,53.70064506095819,35.220959898787314,54.16404115911608,22.35,4.62
97,57.142870583615135,37.35012069898888,50.80754474110444,20.35,5.16
92,57.70645402162652,25.524926492632048,69.85697873231375,35.59,5.26
104,57.67218646168017,34.95769937369554,62.409796581371396,25.46,5.02
113,50.04546600857209,30.85159649020298,53.76003438938942,23.19,4.84
114,59.528617879772824,32.707248542413645,76.06878643998266,29.92,4.82
91,57.344153248399714,32.875226160093916,42.90433125278324,20.92,5.28
127,54.96047520297065,38.096243274146296,68.3862727988164,20.63,4.56
118,51.33984521616013,30.902398547841965,73.03919005991958,25.29,4.74
107,54.7437590608766,38.390148381412914,60.55868267924652,20.77,4.96
127,50.04382708217123,36.20980829085674,61.81185842260041,18.16,4.56
96,52.3235330568495,33.12149703847335,72.10163717459756,27.17,5.18
101,54.061411149189425,31.873835477913772,67.34151689171605,27.3,5.08
89,51.250921863848575,31.574071546086216,77.29588076797744,28.85,5.32
92,57.61535995027899,37.21644240186079,64.3118360294313,23.71,5.26
113,55.144404830203506,25.805066479025083,40.24461114736296,23.95,4.84
127,58.46167237310384,31.74160767621286,76.68634090792295,30.32,4.56
95,59.69789530767301,31.164372199673245,53.093894097998074,27.28,5.2
117,50.345464613618304,34.13301039610162,66.16894318316506,24.0,4.76
106,54.52345799195166,33.897794173795184,77.69183305289799,26.92,4.98
128,58.52187753142859,37.593003964221765,77.08397857129512,25.27,4.54
81,55.32023233427909,28.634494682058744,48.40050834056992,25.89,5.48
113,54.921778816150876,27.042879162701013,41.36595715044688,24.68,4.84
130,56.48683575243167,35.945610241414556,48.70284090220276,19.29,4.5
90,51.561074143469966,30.86890563593886,60.473358654494184,26.15,5.3
92,58.344305335019605,28.663418428852196,66.44977939194557,31.81,5.26
93,58.14667072026885,29.504605595050037,71.71636730530005,32.57,5.24
121,51.65099423428368,31.004658799755944,62.919252107424505,23.51,4.68
122,59.22359271238112,33.98251932128143,52.95163037681254,22.51,4.66
90,52.79750207377465,28.227346052224465,57.05362744934881,26.02,5.3
90,54.15503257195787,28.66079630335858,78.43086614675589,32.06,5.3
90,50.40747275406981,26.573475672224344,56.68041795041553,26.87,5.3
99,53.642161496953165,35.91784404802265,65.37444996620493,21.15,5.12
97,54.97718731569269,28.329774936864123,54.50121342347174,24.98,5.16
112,50.067124569066145,31.35020708968726,52.518093837159014,21.05,4.86
130,55.13351439358446,37.56391110974353,41.16506928821132,16.06,4.5
93,52.42912948071055,30.138427916221637,46.166773815639715,22.94,5.24
91,56.18917658056428,31.587283913639933,68.4477807219172,28.47,5.28
107,52.834343086960786,32.23443549109417,78.63564139595424,26.43,4.96
80,52.05462376750487,28.958683634366157,60.548331505808235,27.45,5.5
101,57.618544544066815,38.54572422792171,75.13334458649277,22.97,5.08
93,50.92272849388567,27.029999973003083,65.42633178796962,31.36,5.24
104,56.38645633578981,38.14838623185159,43.55056134739123,18.71,5.02
124,50.666206244339165,36.17300267751007,64.05169817974183,19.99,4.62
123,56.463563505356305,28.145038027772983,40.94931375821387,21.46,4.64
98,56.210303150875255,30.03849200092643,63.610489852303495,28.28,5.14
85,53.06662734130466,35.633192371853,45.843123416771206,19.32,5.4
122,55.45660641435518,29.97808103214694,44.99367747627304,21.85,4.66
129,55.38617438229484,33.01864479650395,73.37440766974525,27.91,4.52
102,56.098503883222115,27.87825441187582,61.630384897242955,28.38,5.06
102,50.266106699911646,27.667027889503714,68.67048269089086,28.85,5.06
122,52.16561824139337,38.524719665426616,48.0866789456002,17.86,4.66
111,53.77801043132086,30.31325442323624,75.4813163005527,28.56,4.88
105,56.27886002740578,39.97509290166296,57.43767284829561,20.33,5.0
127,55.49613718643918,31.71898821991163,40.28977591540417,19.16,4.56
91,55.33096425243519,34.627669069399005,78.44761202967734,26.73,5.28
129,52.18261992870461,34.815236989714904,50.175143358313704,19.23,4.52
126,58.229766494687,39.221513837918764,67.75479653769047,23.68,4.58
99,59.8465316100815,35.82547097859289,68.3215859675741,27.76,5.12
114,50.94236547360493,26.554399548561683,58.494491806990744,25.25,4.82
87,53.083975447432714,28.88007321291866,58.15747501153264,28.29,5.36
119,52.22142793080222,36.539918660138,54.806128298848506,18.46,4.72
120,52.46099359058887,39.739983040243686,59.41770166628365,20.1,4.7
88,50.06840444308609,29.9675159726294,42.41527941689041,22.92,5.34
126,59.60784389778417,32.18750498738534,48.782566722117416,23.99,4.58
103,56.865824721391554,25.905784394300508,60.43387334587684,31.87,5.04
123,54.194125942041296,32.828879469463324,40.91198976216636,19.19,4.64
113,52.030195450517496,28.243653019491603,66.78765118958981,29.71,4.84
85,56.37953509908657,27.08494880273495,77.67079447677537,35.65,5.4
113,58.13390277881753,32.126544634835305,64.51983613300929,26.54,4.84
93,58.22116082652242,37.5556178214678,51.41242657837125,21.46,5.24
117,56.35460395238504,30.008761943489315,44.10512728973544,22.46,4.76
92,51.83549403978522,33.31200191777394,66.17333631107817,24.46,5.26
88,52.224522196739635,30.49745875597084,55.66471696873227,25.98,5.34
105,50.628906632364824,25.517263670986797,70.87569471706621,30.68,5.0
89,52.03817275103342,34.784079973987836,64.19194621354396,24.06,5.32
85,51.28134016879527,37.519886358407916,52.115153988494356,18.8,5.4
92,53.95617585428935,32.73065665749452,46.00405606197734,22.77,5.26
100,52.56596757074914,25.93061705601565,70.69544086877123,30.85,5.1
118,54.11566063657729,31.03624071568422,57.0060130407216,23.47,4.74
108,56.637136572265476,37.30600391473302,79.80453732301493,25.49,4.94
89,57.91219047738827,28.26583261921675,40.11616639493457,24.4,5.32
93,54.68583451693914,32.11575367650859,50.38762116235047,21.69,5.24
101,55.475655170199445,39.70989480221002,41.20016783254827,18.83,5.08
87,51.383045441841,30.077449760636807,67.5358522464592,24.91,5.36
114,51.38127593434756,32.501718783010524,76.80995640599484,25.21,4.82
87,50.7389741831732,27.999467334819325,74.48032653381668,30.85,5.36
85,54.60648406564721,26.446149543810034,44.84154143422246,26.94,5.4
101,50.41624553866586,31.432460436788514,59.54273909954311,23.2,5.08
86,56.702590247355275,38.624637445510416,62.91620503942668,22.05,5.38
98,51.427016750230386,35.75862218907175,55.72311828715128,20.66,5.14
85,50.98118012059187,35.857187731950596,41.4479807949383,17.34,5.4
100,56.70901123690931,34.06981885251873,57.046645408301934,24.15,5.1
117,55.712139109202,37.74337934297809,40.019895416436086,18.12,4.76
98,54.903730845440286,26.779696769730247,54.69518100433301,29.12,5.14
114,50.41487312383687,29.639176760430157,63.132397804411156,23.51,4.82
125,58.19688342496053,38.205978995060015,44.74098017428187,17.85,4.6
124,55.36039103995439,25.159053029222136,76.27158210306098,35.85,4.62
87,59.18432288683452,34.40213666998719,74.46446970105808,30.9,5.36
114,58.8731386356942,27.259752500421726,40.026295444212934,21.79,4.82
82,58.284347312469805,29.076824588231233,42.438635545147434,26.33,5.46
87,59.24024427724927,29.169520093693887,62.17933931964865,31.25,5.36
88,52.59454984726562,36.55945539991738,56.920744369432086,21.09,5.34
125,51.563159313745,34.539588555153884,64.19163314221672,21.66,4.6
90,51.64134761141085,25.335813858006347,52.15859596609147,28.05,5.3
109,58.97127379409274,25.610708837188522,46.40311680527833,29.49,4.92
80,57.77587117274964,28.283963500221013,78.31231774211932,35.47,5.5
128,50.375029252818784,34.875862671835634,66.20067068005986,21.71,4.54
102,55.67331129276701,39.564861683745754,76.91596902086744,24.33,5.06
118,56.63969998469463,30.38254756928542,41.73008383717332,22.19,4.74
86,50.44988868600745,27.15320053976686,72.33624645726641,29.1,5.38
102,51.64896528920847,31.351651422745554,71.22819205185883,28.43,5.06
87,58.572462807989076,37.51748916196318,64.7865950700522,25.52,5.36
98,56.089469511631975,26.261911801387814,62.44452272219848,32.39,5.14
86,56.73626720671605,39.38977957433292,40.61953460891095,17.86,5.38
94,50.29565449411244,30.27316520418028,76.54401526845965,28.79,5.22
125,57.47352185006055,30.6521466796043,68.70787842474058,27.13,4.6
96,52.43908490670719,37.462899433083784,59.01512741549974,18.83,5.18
114,57.94223076041125,32.27330376962487,73.53973976173296,28.17,4.82
80,56.6082225147638,39.93551723855468,73.1461063818075,24.05,5.5
88,57.442419008806404,27.0330674354243,57.67403764264416,30.32,5.34
129,53.32310798075189,28.586079092154133,44.215730114404046,21.45,4.52
123,52.64305711937114,36.25352029821786,43.285823615230605,16.02,4.64
124,55.72337223791136,32.40219053954668,53.27233303717273,22.92,4.62
113,53.43245018295207,30.955531953503233,41.6278269472613,19.65,4.84
126,51.75539150338236,30.45447729906646,79.74732733992235,28.78,4.58
82,51.94571549863044,35.195735624196715,71.95350910163161,24.64,5.46
104,54.160530976452286,38.06314545100689,56.50222228808374,19.98,5.02
118,50.93000259755863,39.32862157486352,51.84702853132145,18.02,4.74
125,52.71091514161088,26.16647452422986,78.92579320628107,31.53,4.6
121,57.18022719419433,31.802716413000596,44.83842783431711,21.31,4.68
96,59.24153575707572,30.28422419726079,77.48863106657842,32.37,5.18
88,55.92301884855486,31.3281982489395,66.70336909654546,28.81,5.34
110,54.85556160052694,32.809967129355734,61.68290626705485,23.92,4.9
81,53.5125301935083,34.57950066435831,46.12567289691311,20.42,5.48
83,58.43638633904453,35.16854637764644,71.32636010181004,28.21,5.44
128,54.069760164674676,39.60540810076956,45.2666807512732,17.46,4.54
81,56.25330545555678,29.095608783515658,42.74907280689319,25.25,5.48
126,55.99389352168453,39.37956951527187,63.91452347581734,21.15,4.58
110,56.72758100663182,27.62175992582333,70.73885317041302,31.69,4.9
88,59.30941083444512,35.57798299272077,64.83347358321562,27.01,5.34
100,50.07164836004874,38.66747648527222,41.92816284160111,16.28,5.1
104,52.88659947956032,34.066038868108656,78.6831069594842,23.63,5.02
81,59.00180918210821,34.45436270867097,64.27551487586904,27.89,5.48
97,59.174675477629414,34.37742835950522,69.49309181148472,28.0,5.16
121,54.953479261197245,36.03662016474165,60.227834664937575,22.88,4.68
80,56.23860506382208,30.01009983578223,43.212346519400164,23.81,5.5
121,52.59104909214907,26.222933164143527,54.5164837073232,24.3,4.68
123,50.80989284898375,26.83305106823186,45.87063484970597,24.92,4.64
122,50.7725684974352,30.000105811378052,58.54977957861727,23.48,4.66
101,56.47913037416285,39.97482141483222,48.51917805819803,17.35,5.08
106,58.004995421858126,37.11270741638523,65.0168971974111,22.47,4.98
109,53.39935350953078,38.16801952316524,72.16413766519305,22.92,4.92
105,57.4699702868066,34.54898483044141,69.9407534741373,28.32,5.0
88,51.561816665226104,31.56411474368121,72.95336122690551,28.2,5.34
85,59.061620851710785,27.074072944375146,44.217002780752296,28.58,5.4
117,50.23819611873036,38.50645138199922,77.44816350568519,21.69,4.76
113,52.67630455102908,37.390723705515455,67.30530662436871,21.33,4.84
106,56.542233601196614,30.280796588226092,45.68047702424111,23.03,4.98
127,57.49755619561601,32.669029750808605,67.88513173748673,26.4,4.56
119,51.39145632088835,27.367991286839924,61.411227544260214,26.76,4.72
130,53.13964397245084,25.256169594024342,64.3288988351914,29.88,4.5
122,55.56418185165432,38.44064838486878,40.711889923907606,15.76,4.66
113,57.94684158058726,33.93053455221212,47.13409024546786,22.03,4.84
82,55.30777027576952,29.43363001379003,50.144316215371205,26.56,5.46
124,58.529006606055354,30.546760796566947,40.471387975351945,21.97,4.62
104,56.90167500991322,29.810275831245104,57.8402962894529,28.37,5.02
91,51.39137728793053,39.987409496980774,45.69673637031384,18.09,5.28
130,57.18318421749652,25.282646486728346,74.10246816127093,37.22,4.5
118,58.92316880309226,38.261640112242645,79.82797672293586,26.04,4.74
84,58.58381952818616,31.864807909500595,78.15641366277112,32.78,5.42
86,56.752055278968314,39.13492616055038,46.60233237652276,19.5,5.38
99,56.40482313947223,36.43470385367286,40.440644479377845,17.24,5.12
96,55.27708029571409,27.08728084481168,42.38837585043055,26.16,5.18
120,55.21883959160509,38.21969658113318,75.44894728264765,23.35,4.7
110,56.99828312272881,29.210866027003515,70.42824955680075,32.99,4.9
107,54.25149987438057,36.05435634320744,55.1474210609505,18.9,4.96
110,56.70974566081841,38.049936405334705,65.46926833566567,23.66,4.9
101,53.446916172965686,25.12091261098637,79.99642292498439,36.15,5.08
102,54.122880253104334,29.00914108038134,42.20544689448671,24.21,5.06
82,57.15979577190372,25.613967156665595,73.68211255908807,40.1,5.46
123,53.79989626116573,30.0630648371119,74.07066683550305,29.38,4.64
118,54.552336978926775,27.05389858731741,78.31129061185854,33.56,4.74
116,59.998669973256206,26.23102309379051,53.713463677109644,30.46,4.78
121,53.462489211925266,31.253658294438765,54.563884487309565,23.81,4.68
100,54.91808509979551,26.622430170460024,66.67898490639061,32.28,5.1
110,54.56767412445832,36.53712803345581,76.6278587083289,23.23,4.9
110,53.15419426483089,35.10392211655752,77.33776051238583,23.97,4.9
117,57.06333596342497,33.30220634476121,54.27764199078474,22.19,4.76
85,53.72465881763506,29.12971361733321,53.10760235437543,25.75,5.4
121,58.62334197554515,31.487954734830872,61.77897637105937,27.77,4.68
102,58.50581370737303,27.405731438398135,60.11564837344265,30.12,5.06
111,55.60281102168219,36.397834221954696,57.64994007775017,22.53,4.88
108,54.20734689004826,31.644698569241097,58.6481713590799,22.11,4.94
104,59.68059891863598,34.18171366651059,57.678439830367225,24.52,5.02
81,59.29455686454622,29.2934955816185,65.61234395247996,32.31,5.48
108,57.99216640763143,36.93425429853606,51.92514006261305,22.69,4.94
113,54.21762252221902,36.28065502613848,59.01091251124424,20.95,4.84
114,57.919648518593824,26.040855623235608,55.86996441591624,29.88,4.82
91,53.14769767590524,37.01967438312792,46.87329113993548,20.52,5.28
94,50.31190175245222,27.01464027622997,75.98484262967705,29.16,5.22
115,54.205495099708756,25.958368327608454,42.027582614864855,22.96,4.8
119,52.099417047844526,34.955929594163386,65.03183067368383,21.5,4.72
92,59.70997866993264,33.124073685617354,52.41657448680346,23.84,5.26
93,59.8811282540665,34.41206605169742,73.84050303930357,30.68,5.24
108,50.47680842553822,38.655814463435775,78.57661580310443,21.94,4.94
93,50.54757468079961,27.299126701755785,75.47575108895211,30.98,5.24
109,54.92368100383094,37.40722202036304,53.784216318541695,19.23,4.92
117,50.55957168808613,33.851883724718434,70.85283390978256,24.07,4.76
128,54.85063683260396,27.646848098460616,58.4428378671074,26.55,4.54
112,51.82312921927718,25.087695898581362,75.27226516840818,31.57,4.86
89,59.586954787142346,30.456818583720654,73.05497880772901,32.79,5.32
110,59.1154568831249,35.45456472571242,50.244424739873814,20.6,4.9
127,55.850552271037785,30.083416265478764,79.83775213193314,29.29,4.56
129,52.12530258018763,30.648423702532412,69.854805832088,24.96,4.52
83,58.4224551090175,28.127283286268977,41.384407042375365,25.77,5.44
115,50.48831497875484,31.694515295246294,41.99520510384576,17.3,4.8
97,51.57440660865003,38.972618877369996,47.39550107688741,17.95,5.16
85,58.407624860050426,32.516623122958784,40.052979220717276,21.83,5.4
120,57.96764773582491,36.70887431442069,68.40363361266142,24.09,4.7
108,51.46867128508303,27.408299925006208,50.26334077232038,22.6,4.94
100,50.484955551861816,29.16151801184552,77.89379588343252,28.46,5.1
92,51.61517456818345,25.275139776437967,61.5330954668298,31.28,5.26
124,54.751397084247145,26.732393819166234,65.10189202858207,29.49,4.62
83,59.67711745925102,25.29054769048109,45.93642887351775,32.76,5.44
101,54.67999609239464,31.54605781028662,79.51877948755902,27.79,5.08
102,59.8467729258553,28.274977051347186,55.640919987112504,29.92,5.06
107,59.80697565311701,27.052499522615584,75.34458213426602,35.9,4.96
114,50.74255343310109,37.621197612089915,44.87740306783246,15.89,4.82
107,55.66232737661636,31.694718510675123,72.24713426980928,27.34,4.96
82,57.89644433929729,38.26314115432685,71.81728235456,25.91,5.46
104,56.876147888532344,33.31611415595753,74.98307296945765,29.33,5.02
109,59.07148188899367,29.808331240187986,66.41399346767585,31.75,4.92
90,56.53760354119067,25.71798977252716,59.139205466229875,32.61,5.3
116,50.260333151877184,33.2896641765483,45.535364285248164,18.54,4.78
94,56.94169925472248,25.088825921280627,47.30199697078512,30.34,5.22
101,54.057233660868995,27.119396778417784,79.73592244253506,35.13,5.08
110,50.3596421439302,34.11219243545115,50.62604734404215,18.37,4.9
111,57.561949205758324,36.25272590177373,77.40296575455496,27.21,4.88
103,53.8068317626795,35.76108671749944,77.23944334939304,26.01,5.04
107,51.455289585842465,27.438758748033912,40.78313982849845,21.83,4.96
83,51.643589138498676,30.25789707401607,53.41946311102156,23.5,5.44
109,59.30934908661951,35.80996024712469,50.69174887486703,22.57,4.92
115,56.42577129750924,38.54620689236706,54.8204951218663,18.29,4.8
127,58.72871410960947,34.11866583698921,62.48281673356021,26.32,4.56
126,52.161173725678005,37.84159183745229,44.719252303370574,17.18,4.58
84,52.19354987190944,29.8303149287877,46.794208950644474,23.35,5.42
98,53.041301293440185,38.02500526555677,52.18386340232467,19.57,5.14
90,52.20616476761289,27.769696663191432,48.28936768646484,26.0,5.3
119,58.31795175713969,29.15172335641099,52.76806276623823,27.4,4.72
86,52.94374805452371,26.33296190764654,45.450802000938644,26.03,5.38
120,50.317298660693105,25.45655497855579,42.92774996061978,22.76,4.7
106,59.801308353574754,38.69272791351787,72.69344024868342,24.27,4.98
80,51.64853351783427,36.37206474419852,40.988896924755714,19.14,5.5
116,51.46121363407918,39.50687590031866,62.51791757125973,18.28,4.78
130,53.96683473927942,30.20356896138002,75.79741093457346,28.93,4.5
128,50.10061943836757,37.570246611290976,75.87277665523413,22.22,4.54
110,59.576054567541995,26.009191970653475,65.29632343633614,35.25,4.9
81,56.53355289070174,28.80403722600806,59.239310564973,28.11,5.48
88,58.96403034809744,33.18787505671682,48.70286959343943,23.89,5.34
88,53.38871712674399,25.17924343483384,57.58447735783726,31.3,5.34
85,58.63636362534775,38.54789580350064,40.19636426644023,18.66,5.4
102,50.83707153285021,33.441547818663,47.65700632142954,19.59,5.06
100,51.0637050906822,34.55485656159813,69.19971402179769,22.53,5.1
102,50.5891349861568,29.900073468312772,64.428285256633,25.4,5.06
114,59.52439317889763,37.55410248721342,58.63670103729363,21.44,4.82
89,54.11198900363941,39.43752786267683,67.55615012666581,20.04,5.32
90,59.094956995427694,25.654760717255158,53.52160604748289,32.7,5.3
90,57.77612191834556,34.92974033771281,62.663850540260924,25.71,5.3
116,56.93813553461455,30.91105058722034,44.95765119000497,23.71,4.78
121,57.212686935032906,32.77248419329232,40.73376254847624,19.65,4.68
99,53.01574418347447,27.1230398893605,51.66985095267881,25.44,5.12
80,53.28636201776763,26.086321575229128,69.99628867446344,33.61,5.5
102,53.451366696192665,26.858951873861194,71.75082228346105,32.13,5.06
122,53.50373541736973,25.262270821050144,51.94483725677833,26.83,4.66
127,50.817913155006586,36.7377458363454,76.0891152797928,21.34,4.56
80,55.71056424735622,26.65274897743037,40.84547716502786,26.2,5.5
81,56.163066492300565,33.009712356737154,45.61298590795434,22.89,5.48
112,54.30793855279003,33.907276823803294,65.98496177543721,22.97,4.86
87,50.328181268837945,35.47569124725639,51.50660310802258,18.69,5.36
105,52.82318572951908,38.90460573448016,72.22866477405114,21.94,5.0
84,57.99191216417268,39.488365933348646,46.79592664314655,20.22,5.42
110,50.373208734825084,28.769738219749765,56.2903850911671,23.69,4.9
112,50.88389022505183,39.293466716690034,48.96381937944548,15.96,4.86
128,51.75200601963416,33.675009150511194,64.60005016102696,22.3,4.54
98,56.126642538322095,33.49290706898312,42.21666118844097,20.88,5.14
120,56.99218815337205,25.356891923169293,48.61208636062571,27.58,4.7
101,55.741373514060804,34.76834594859477,69.20606557773849,25.96,5.08
126,54.88774612112345,29.12651920267371,62.53222718253842,25.55,4.58
114,59.54208245735918,37.306327620910615,54.109718000186156,22.23,4.82
122,58.07656001460877,26.045036323965874,41.467787077879265,26.45,4.66
126,58.53491858648552,27.42963663119284,73.44120132883862,33.39,4.58
88,52.555179436516994,28.824489113779993,76.33665393135706,32.53,5.34
114,58.78084772778922,37.70153386676348,41.64304616766395,17.93,4.82
94,54.1007627605426,38.65077278889669,48.224299895834136,19.2,5.22
96,51.86204765889743,35.34336093777467,43.87614365031966,17.75,5.18
89,58.27869920549705,36.469350662709815,61.357889694195094,23.11,5.32
123,53.05838489767175,34.184706188381945,40.74229689391798,18.14,4.64
96,59.65912514594951,30.16098209608249,70.35249996553767,31.97,5.18
116,50.788419520683846,27.432151100304083,52.04663734755151,24.6,4.78
121,55.65937211824839,26.96221241385051,56.5798751124604,25.52,4.68
112,56.84879602488313,26.048376918313547,68.33467582421306,33.61,4.86
123,51.564923870042186,36.019649844667754,61.37456216515073,19.99,4.64
118,52.737094118121476,26.147818320191,77.11674844114461,32.8,4.74
101,50.15151119888374,25.544565051725158,48.1709957453795,25.89,5.08
111,54.6171191165342,26.474815269837976,60.98163153532795,30.89,4.88
126,55.85092768478201,36.03349315699274,65.16846369549938,22.96,4.58
105,58.55622485368498,37.55852449297759,65.16814823033954,25.15,5.0
82,50.01643520958307,30.04089713848434,72.20461626116764,27.81,5.46
84,58.61926070105093,33.27467355980551,68.63525570371809,31.53,5.42
107,50.059185101138254,38.95683185651236,67.80120735324289,19.9,4.96
121,53.180642260719495,30.54816796376228,53.55384241557111,22.54,4.68
126,57.14766408277533,36.22610350655036,73.8945210619707,24.59,4.58
108,52.563188345763976,36.164583119117445,61.6855486843519,21.34,4.94
124,52.97792697427135,37.71999001398933,53.32380930691728,18.04,4.62
98,53.93230012030533,25.92724056548355,61.010972626558065,30.87,5.14
97,52.08970676752219,38.50191733981052,61.25694308623913,19.96,5.16
83,51.29108072507614,39.44070784316119,65.25105948393512,20.63,5.44
91,59.657399315384026,31.82510721508716,67.50607028881544,29.95,5.28
125,50.29741334864111,32.11844138201833,73.54297559587512,25.62,4.6
95,59.48159576286992,33.17495301031182,71.72343584875756,31.13,5.2
88,52.185940340683004,34.02223083275669,46.36346908962104,20.73,5.34
122,50.57187849755822,26.076306591599383,67.08426970338775,29.56,4.66
120,50.08568887409607,25.666850530036275,65.20760856311315,28.15,4.7
118,50.10891055664851,26.68354540963582,60.755470700906805,25.45,4.74
127,54.17557685007262,27.428059175710256,45.30008962744106,24.84,4.56
123,54.178049879341735,35.8015877770616,48.50177352564275,17.24,4.64
115,50.42411814437916,38.545772962044765,46.16218177635622,18.14,4.8
117,51.68902242601641,37.77886289643808,64.2085141265909,21.23,4.76
97,51.41300988653907,27.02739575955161,62.982170059003096,29.01,5.16
119,52.415885311912035,28.63636120548462,41.05879916730585,21.81,4.72
107,51.14210842413804,29.558140659859173,57.212475645651665,27.02,4.96
81,59.0311109468515,36.49219907979359,61.01392443590798,24.63,5.48
108,56.039165680113754,33.45137092775417,60.78502036889738,25.25,4.94
117,52.493007590469006,39.5695740609292,74.02042141440492,21.42,4.76
86,52.021605531328184,31.066539206483373,72.94893528952497,26.05,5.38
85,58.03814683575513,36.23302709107094,59.32954436360439,24.52,5.4
81,58.87240452494866,37.69309927426845,49.960729808209585,21.33,5.48
111,50.83742484219617,26.62120795086561,64.97429345333519,27.81,4.88
80,56.49086842963548,35.25405217448338,41.31953925428929,20.72,5.5
103,58.2734901411148,29.673895780295172,40.40794840562565,21.46,5.04
93,50.59590921135965,30.10234106014204,74.32242155508001,26.4,5.24
125,53.6063793843351,35.19155846609472,53.29062644943299,19.69,4.6
103,52.74707454233286,30.49974843101972,56.55648499285307,24.65,5.04
129,58.883872141882634,33.84506317070803,63.734358510131315,26.59,4.52
109,56.72750060977158,32.32620094412423,76.19605437608078,28.46,4.92
119,58.53710780155787,35.560225575285344,55.950628870051474,23.21,4.72
125,53.250707662395655,28.09697217497672,55.64427172722756,26.57,4.6
100,51.40293157795983,26.70912138653187,45.51504918283322,24.84,5.1
123,56.52626891488364,25.41198283161053,66.25987264417553,33.96,4.64
127,59.02873985582318,33.90813497252774,59.51332502108354,24.28,4.56
93,54.31577188158619,35.05760373444929,48.14571544989766,21.3,5.24
94,55.00777293926447,35.35150945986791,70.75457091376681,24.49,5.22
94,53.874975281908156,33.15174776823699,78.96734179893528,27.58,5.22
92,51.91207974840141,25.186546131300883,58.93704586268313,30.52,5.26
88,51.934504358473184,32.986809602553585,73.13394674469444,26.08,5.34
84,54.68999044999249,37.628423311241505,62.568302868925265,20.71,5.42
104,55.75974906130985,27.120080589058304,70.32690370062065,33.22,5.02
106,59.005117275398874,36.20354707946481,41.67666134656866,17.79,4.98
118,57.24540845031739,30.58852728439019,69.12292312453684,30.33,4.74
88,55.53660620504705,37.48714264258396,50.95571044843371,21.68,5.34
98,57.220995082092216,38.63401460883219,56.8960577247916,21.39,5.14
87,59.26922612449839,25.56504814705609,55.533187875303376,33.95,5.36
98,59.849751223467,27.612983115303365,57.01840559227706,30.9,5.14
84,54.945451776761246,28.903835530711255,44.21029379873185,24.42,5.42
126,54.283600281192,26.643765287469893,47.83489502417249,26.32,4.58
125,52.32098515667488,35.922863447835034,75.61598467563454,22.77,4.6
105,57.642172081121004,35.60583994924336,51.1253489707268,21.16,5.0
121,59.117199723146065,38.69147938538199,73.06760455266846,24.62,4.68
120,55.61057094517216,26.438876258120306,74.02070467577076,31.02,4.7
104,56.066127174468505,25.403268932252317,51.59500936918036,29.91,5.02
103,58.278446018577036,26.922355576222778,42.06966778668421,27.92,5.04
123,58.86791594701277,28.871438587821007,49.13776333500664,25.32,4.64
119,59.3592119920125,31.031200233991626,75.17129186789334,31.98,4.72
82,59.96548574121511,35.590295992585126,62.179196810228646,26.14,5.46
110,55.913473877656955,27.12512737536844,71.3490623990134,34.12,4.9
127,58.49776899569973,39.56785338297872,45.334190138233524,17.32,4.56
85,55.84153322989813,35.859487223230246,58.11557169306059,23.87,5.4
118,58.96795639964296,39.416552726145305,69.13894445231466,23.6,4.74
126,53.92012591345508,30.55139066104084,68.31321319671443,26.11,4.58
123,58.52165878182847,33.41054268934095,74.29847023615861,28.92,4.64
89,54.430946072999944,33.93354395679989,57.5447469114926,24.08,5.32
105,59.27060677910614,39.98053634656063,78.76433146298453,26.89,5.0
96,59.71832955668636,30.959334413214425,61.989635994935576,30.56,5.18
130,58.23407867934641,28.614688870982015,58.32382381655106,28.71,4.5
107,55.837493014288455,36.51412139340408,65.69180025377275,23.27,4.96
80,55.24971160889625,39.778387855251104,60.06447116595353,20.88,5.5
110,58.50066863295673,25.088696698341472,59.34109933622624,31.57,4.9
98,55.61319464832135,27.089153317306334,66.43307778254346,31.94,5.14
99,59.732194994634355,38.70055004771921,42.904603385708654,19.98,5.12
99,50.547856046873534,38.420644071297396,52.13345982906305,18.49,5.12
84,55.13705994783015,28.385575243808653,51.20111758611784,26.42,5.42
120,55.15173313281405,26.387742016534926,67.19646209569952,32.31,4.7
121,51.04083116789469,27.18564066004092,49.181202191206665,24.36,4.68
112,55.495073786069895,27.04375324570263,74.36537282229058,32.94,4.86
113,52.65522981591924,25.767479939288723,72.80647172135,33.17,4.84
101,53.68598003508807,33.30834160324587,56.336290075399866,22.38,5.08
97,52.01434020213388,39.0136587561671,67.8296460649969,21.23,5.16
112,57.26869351425439,29.040197833023228,53.40149113300129,26.54,4.86
108,58.85389984411625,35.11371944794254,60.86998222297632,25.67,4.94
129,53.20063578734009,30.70722809349715,67.96668550652555,25.78,4.52
119,52.44629821507274,30.364275282063932,68.62208974533961,26.34,4.72
98,53.98985001705548,28.34456156499368,75.29328352423713,33.06,5.14
105,51.574835372501504,30.94077877022391,79.5066300981263,29.41,5.0
115,58.997675273488376,29.34057065210912,60.50725191342217,30.1,4.8
124,54.9670308976322,28.637851446539113,45.816790626765965,24.11,4.62
103,57.59806517489213,37.39371623859741,58.7222891305712,21.18,5.04
85,50.523289427828004,33.858709557217004,72.51018574291847,24.95,5.4
104,57.01116349952686,34.92256702361445,74.38431887046033,26.7,5.02
126,59.65516933859498,35.083059103059576,72.57479591202203,27.08,4.58
106,52.60711843185008,28.689608805965914,63.90909008195566,27.78,4.98
106,57.85239437911362,37.45403663835951,64.55145021547946,22.6,4.98
96,50.263738521144774,25.14645943358961,78.29309962631712,33.19,5.18
126,58.12231595673858,33.518050895177566,58.794171141126384,23.01,4.58
100,53.22417746956946,31.948498976782346,77.18201389714721,27.62,5.1
107,54.74140787130232,35.52692415684962,72.62857058064819,23.45,4.96
81,54.58235731181364,36.0429193807954,57.37425562486533,22.63,5.48
94,56.69246293435901,28.56532586239437,69.01159997650998,31.32,5.22
94,58.54243648049787,26.6910652841494,57.137686857552545,32.59,5.22
105,50.82218449790439,27.21505560667127,64.27793561908268,28.2,5.0
127,54.07809539876801,35.810184615830636,69.41854957250743,21.34,4.56
96,58.61487761224971,34.57659862511986,60.40979622516719,25.73,5.18
96,54.74853063862044,34.098844490544984,52.38030508786211,21.2,5.18
120,55.15184257537767,38.052101071823884,50.974836806396226,18.55,4.7
96,59.16940152283005,39.643069205365336,69.79021118879061,26.01,5.18
127,56.07526270382432,31.93957026076972,51.48100004574901,22.04,4.56
88,59.94824259996673,35.10299669366324,61.723435703665885,26.4,5.34
127,53.985252860042955,37.43289609614681,58.27380088501791,18.32,4.56
84,55.373058193654046,33.63351561944181,64.59582149309767,26.64,5.42
128,57.77640422838569,34.575879298894634,62.716126571734726,26.01,4.54
82,55.29742863151512,35.14399267200331,65.15981560467259,24.49,5.46
87,57.95898074727385,35.282131065202876,76.31792171378638,28.57,5.36
125,58.19100763757441,34.715405571894436,40.35770092433541,19.48,4.6
116,59.55342477755917,39.527488678727764,76.42779256008615,26.08,4.78
127,52.2834551712051,38.732782689978606,62.413141003952695,18.13,4.56
120,59.77000821321029,36.8568155800005,71.71538927395387,25.96,4.7
130,51.53192860489658,27.98879477959115,53.80935221198057,22.66,4.5
84,55.17885922126752,29.03758569248633,54.254017796442795,27.21,5.42
101,54.65633902147345,30.732260473926075,57.066820172695984,23.83,5.08
128,51.52551908792147,35.0296488410667,60.71108223079117,18.15,4.54
117,55.50277987391088,33.8119309225409,68.44057566890595,25.79,4.76
87,51.642108425399776,33.542303263151936,49.36795162787391,19.99,5.36
115,50.794393890698416,37.56843739977172,70.3052115017499,21.67,4.8
86,51.01210067843053,38.103546334010986,54.328697667842775,18.92,5.38
88,56.419144060884854,33.78390692557513,68.87378535856193,26.36,5.34
85,59.36449984178017,25.670484896419143,59.573534747581675,34.15,5.4
89,53.92030644533986,31.404996668189373,62.32901718322072,27.77,5.32
81,59.719538761750975,35.831355748115584,49.15717493596003,23.03,5.48
112,59.48651046474051,34.5706979869162,66.73260929231357,25.04,4.86
126,57.443265629915594,26.556335751674585,65.52534012891127,30.68,4.58
103,50.73785294467253,28.39400718037244,66.95714809196387,27.57,5.04
124,54.65922815968217,34.54686207533263,54.03388726979359,19.16,4.62
97,56.291975675950916,34.88004237956523,66.98092528001382,28.23,5.16
106,54.23964996922002,36.601980575861,79.94111844353,23.08,4.98
91,52.801089684784685,25.066250512009038,79.19379459939186,37.93,5.28
116,59.48173268222254,30.660555341733094,76.44310422380835,30.13,4.78
81,59.202949412805346,32.17137236612714,53.875445102076554,26.99,5.48
124,52.16498714289442,29.76493048145009,58.238389563970294,22.6,4.62
85,56.70513306747344,31.683557092078516,76.8829227869847,31.7,5.4
125,52.8695759661685,29.993935273683825,65.40024380445195,25.37,4.6
122,52.95776009527737,32.259595604321596,63.678641763326404,25.07,4.66
80,59.67976325672812,39.74469848206118,40.20686881795231,17.91,5.5
116,54.78081675428035,35.974975083745555,40.30240081049887,16.57,4.78
102,54.388531543977535,29.531085683570453,65.26777259680401,28.43,5.06
124,55.793414983496575,35.62015212040262,73.71930340098169,25.46,4.62
92,58.57488170782718,37.72646055322998,45.68278848811827,19.35,5.26
107,55.12719421575346,33.66964055774879,61.910226377730055,25.02,4.96
88,54.32026005366402,29.168785682662556,41.270181156316035,22.18,5.34
120,57.95000728483477,33.635224372642625,60.20125824492191,25.54,4.7
90,54.24051874891941,27.11873428360204,79.89545898762913,36.15,5.3
89,54.96616138181545,26.25142583847359,50.628135658139236,28.92,5.32
86,50.87353383846032,28.299620314728163,58.87092740070425,27.19,5.38
128,54.53956909130966,34.15704713034769,56.506586777005296,19.9,4.54
84,50.98598271309109,34.82494638519959,58.1626233958476,21.07,5.42
121,56.078135145333945,27.77745986835173,45.20892405474325,25.77,4.68
123,54.93298007683923,28.416076874156285,50.72522499995657,25.26,4.64
92,50.84977828209926,27.770373050295436,60.08821487385529,26.47,5.26
126,51.5606607641919,32.3073230789578,59.68872077499114,21.01,4.58
113,53.09502889040509,26.14634836408704,50.18573491226813,25.95,4.84
87,59.668037082056884,27.582383518975476,56.8731438754382,33.6,5.36
123,54.79502469603836,26.679173141985913,48.09090296110689,26.55,4.64
116,52.44798967431676,33.88390952828823,73.50470427497785,25.56,4.78
115,58.9448721906577,31.54137145307776,68.31744013155685,29.41,4.8
120,54.009443330523,39.44457679561717,61.630754152709414,18.98,4.7
129,50.268529185668264,33.970731376478206,54.942918171342356,19.52,4.52
102,50.381886098232265,32.83443318696029,55.33236450873147,20.3,5.06
112,53.657010973575375,31.779973033886016,50.89220304173854,21.7,4.86
88,57.97009939754756,36.719542886352286,77.8636403822262,28.11,5.34
101,53.61234311633208,34.02556945798029,77.69962376444923,26.68,5.08
114,52.484165444101386,27.39740729183552,76.3450944682489,32.97,4.82
82,50.76275551530542,35.70828713609159,60.33546871688049,20.98,5.46
91,58.25352881152832,27.93309169595149,55.275677406198824,29.85,5.28
104,55.73875399257216,32.8402440643116,59.2888980227181,24.35,5.02
109,55.15930705611406,29.504010793254256,50.887698406388644,24.88,4.92
86,56.84935457938046,38.737522035347126,47.99320397942743,20.7,5.38
86,58.521745639308264,36.61995293919353,56.39315750355786,23.1,5.38
118,54.49819654119737,31.446994378405023,44.11361625920536,20.36,4.74
129,55.12860113250591,32.150499349897125,75.57031524984134,28.86,4.52
90,50.0561532139624,39.02809719668119,66.14477034314444,21.19,5.3
99,50.08791066918637,35.15191904058295,59.97416154940893,18.19,5.12
114,53.47744602253464,32.401941707579134,60.2075988170151,23.24,4.82
87,55.13662121188684,37.62351356019938,73.7225512961495,25.13,5.36
120,52.24460123454953,30.665255734767413,55.5451927727122,22.33,4.7
98,51.42750785674111,37.67523215758766,60.50829947799426,18.99,5.14
81,55.44921361244746,25.509636361236083,75.95136023657952,37.09,5.48
124,54.060013809011416,32.40097206124841,73.06268109978325,26.44,4.62
89,58.14621586846643,34.298711126173174,46.1020732959319,20.3,5.32
97,58.51875676758932,38.28186492406273,64.64139393688802,23.63,5.16
117,51.2084039530652,31.800226512579776,65.7960598968796,23.43,4.76
89,58.70800520779832,37.94189366504034,60.43843520952253,23.62,5.32
106,57.13467141185674,34.77685411641168,40.213752961908725,18.15,4.98
95,54.86357179131157,30.616734561066394,44.809575400736236,21.83,5.2
85,51.0785496151252,30.67362017188788,67.85194273560712,27.72,5.4
119,55.45841988573211,29.316539323634778,74.26240257409474,29.52,4.72
95,57.634470460041214,26.023203435272855,49.526519219168826,29.01,5.2
119,51.45520308639431,27.193163010105014,57.41909672859583,24.78,4.72
127,51.42238230413809,27.547197919517817,65.18891609052496,27.26,4.56
83,55.142412293514205,33.270221330679135,44.3143337240228,21.29,5.44
127,56.41192651792371,38.972553221039405,51.052130145070834,18.45,4.56
108,51.5453904401366,31.16251855102568,75.92405604917491,26.87,4.94
112,56.8398681562329,32.908260751212495,49.93152006054804,22.69,4.86
99,52.96894304525529,37.66240572866609,55.45841611332823,18.29,5.12
89,55.479584586422554,27.440242644565124,53.81438287489108,28.88,5.32
85,54.99002986286897,28.792084054895263,68.18352364470078,30.96,5.4
106,59.14433522276191,36.90722099982462,44.751090179131374,20.52,4.98
103,51.31002393457495,38.11648935005252,42.44580951602906,15.62,5.04
83,55.372688125697444,28.612496543276244,44.80288047363517,25.56,5.44
119,56.38528318149098,37.63752367648891,54.72082062727914,20.5,4.72
119,51.8020361959162,28.398845569449776,71.94706732388099,28.51,4.72
80,58.36685214264437,31.780545718987028,76.62666568786742,32.65,5.5
81,58.31149277193816,35.718490864567606,53.328294039530206,23.83,5.48
126,58.11948113401099,30.739134944116238,69.17573861024174,29.24,4.58
81,52.96251402998616,28.593818827726228,50.22200262480757,23.92,5.48
123,56.50706455090674,39.71291594311186,44.99232464939662,18.57,4.64
99,51.30334223083642,34.56742657694747,48.027208447393974,20.2,5.12
123,51.062779622482324,29.759108593816293,50.044176888193874,23.16,4.64
117,50.6550308007749,29.550602030652296,40.27788874269942,19.67,4.76
101,51.78142216150997,31.800821238842676,70.61522370383557,27.91,5.08
93,51.50456498530886,25.88389058335299,59.744581301279396,29.07,5.24
115,51.82223938971846,31.434543964523748,46.08168159614695,20.69,4.8
111,58.81209721701126,28.968347123401493,58.871514420958704,30.91,4.88
113,50.37150691138252,29.331310444562202,52.16721378930231,22.82,4.84
104,55.25387156585092,33.35326950553224,61.00004292458186,23.21,5.02
103,57.999792327039884,30.429417300365103,58.26666946306845,27.03,5.04
104,55.08563738009198,28.144314006452223,72.46308508619998,33.48,5.02
88,51.285478785585234,27.422396331539773,51.84773198760451,26.32,5.34
120,50.22403264668508,35.041600805265674,62.92274140127314,19.85,4.7
116,50.466192144068344,29.79699762687258,50.91063165529839,23.26,4.78
91,56.971457157040184,25.207583067904164,61.62677901521624,35.35,5.28
127,55.1535381586838,31.886208381377813,77.56047805053993,28.09,4.56
117,55.307040180741545,35.66066352389204,76.2797264670086,24.33,4.76
92,59.307587800267775,39.07422529235132,64.65978266242433,24.62,5.26
84,58.52721008927255,39.35979019978569,52.919428052988394,21.58,5.42
110,59.138168662794996,33.60479269574242,71.39352844563828,27.87,4.9
109,57.09228973777827,34.8356506937175,74.35891317914974,25.91,4.92
108,55.117519513992164,31.472951347842155,62.851476252156864,27.61,4.94
99,57.943685015660606,36.25774262048344,47.09736085432726,20.86,5.12
110,55.72015817186839,25.112305141254158,44.23593872596039,27.16,4.9
130,58.50430510472256,30.08179266758401,69.22992377071132,29.74,4.5
104,55.21616946106785,35.97055101826093,59.235571199470634,23.05,5.02
96,54.08194869281961,33.26760416923241,79.5650259887422,26.46,5.18
90,54.769589079760344,26.006766255059787,61.24332280908802,30.99,5.3
108,56.69141772566973,27.493420451049825,43.12698660019061,24.2,4.94
85,53.674467618849235,27.888969751095026,58.92780577267733,30.12,5.4
127,59.69088582294462,35.065824605078454,72.97404841024512,26.89,4.56
85,57.460219757964346,26.244216857703393,56.99160776074429,34.32,5.4
126,55.49376956159929,27.93410220315071,51.38467053796162,24.69,4.58
80,55.095633920870604,31.363939276568054,64.86567147734415,28.16,5.5
80,59.54281765259911,35.12313628111825,67.5721559969775,26.71,5.5
119,53.454720559152946,38.32908283058961,77.45857640944811,24.0,4.72
86,53.52423685182663,30.46445231707392,68.43035014755954,26.65,5.38
104,57.43446013190565,35.17377120436613,67.5946619247235,25.9,5.02
97,55.04842696554235,36.45766094697372,78.41592099714157,26.94,5.16
121,51.91813994313363,35.684181784531646,52.7100180720261,18.89,4.68
99,56.85517099471366,25.60946624313985,78.79676375700532,36.25,5.12
126,58.53442860687918,33.44441007369217,77.2014918440466,29.78,4.58
105,52.48497744808527,28.63156666473042,67.63111958599859,28.8,5.0
103,51.22963974600377,25.768979955375745,45.496048699892384,26.4,5.04
89,53.10479715047296,39.978160486253856,53.25430344555159,19.46,5.32
103,55.71310598183294,35.2848321462628,59.20603196222139,22.35,5.04
83,52.51280803673708,35.01644045801311,65.41074575984422,23.14,5.44
88,54.825722067286804,25.128618717833227,45.46901316094581,27.47,5.34
110,55.49102026470784,33.146796337024966,69.3497993743402,27.09,4.9
108,54.20126714156807,34.066812096386364,60.30316107708294,23.59,4.94
104,57.55121671122455,37.18652342805018,70.43719884453012,25.47,5.02
92,58.98069824524089,32.007090080965284,61.802410754884896,28.03,5.26
114,52.22311290598991,28.523797512764958,72.20948435192474,28.23,4.82
91,59.22017018559684,29.22586177627418,61.17873569563559,33.19,5.28
81,56.58528694994938,37.1432812496204,54.499884230619884,22.61,5.48
126,50.099268541847785,30.54815049497212,49.345920166557036,21.11,4.58
93,58.57015461912422,39.523562486873686,41.031254616206965,17.41,5.24
97,55.161819544104205,32.65074678903716,77.55514420308543,29.53,5.16
120,50.80756157656513,29.37467936888856,63.32974628931482,24.73,4.7
129,53.561326225470935,31.434794086698826,78.7138768664989,28.39,4.52
115,52.64428241649877,38.192813776917724,50.78433465102907,16.45,4.8
92,54.379651066390444,27.92213969742417,77.40676394485314,31.96,5.26
120,50.98523282768721,34.82187280398331,71.59021097356381,23.25,4.7
90,56.653367960003536,34.28945530365178,63.76614873857514,26.57,5.3
127,59.18898009039714,39.358242743003956,46.85557290890234,18.85,4.56
96,50.222720682600034,32.92465948224579,72.9816480927231,25.0,5.18
111,58.45271291372948,30.988375225060715,77.19654927023325,31.73,4.88
118,57.51788096887124,27.568758065071236,44.136305165006824,24.86,4.74
122,56.21694118200549,33.90023720790789,63.07220519547669,23.11,4.66
92,57.920180718094045,30.049477354051657,56.575700324716706,27.04,5.26
129,50.457435147224906,32.85745459872335,63.35379196605034,21.33,4.52
125,59.70191335015788,34.68487512158296,63.396479391510816,24.93,4.6
85,58.16494733607751,31.36534196248858,53.932056668571164,28.53,5.4
107,50.68613159433807,29.234199277920954,46.01710228697834,22.76,4.96
82,53.86072216866764,33.26354179796251,55.51375924407166,22.76,5.46
112,52.13518180165838,30.11320751172406,75.92847974236398,29.19,4.86
96,56.20291524800764,31.35770334484002,61.67327555915255,28.45,5.18
82,51.94752293550295,29.36988693692453,48.4181399966951,23.06,5.46
97,55.37616985455318,25.66298775560744,56.27965256188115,31.01,5.16
124,55.02212794200492,39.2851750826309,72.6666512160766,20.65,4.62
96,51.43977849248267,26.10772342877938,63.11607124706563,29.13,5.18
88,58.96085238508711,34.64569901548553,49.059871829667216,23.41,5.34
89,58.877077570349,30.578736215234663,40.18788019143728,23.71,5.32
125,52.99536865293038,38.4579598844922,48.358867373817915,16.96,4.6
98,52.12452890847125,31.99765818642931,63.148091394635784,26.05,5.14
103,50.7095159892446,36.54325779966527,57.82293196566267,18.74,5.04
111,58.36840493961774,37.503057983576134,73.69369778273526,25.51,4.88
103,59.412715315862,28.30090339562674,73.08405605393887,35.26,5.04
105,55.97701304991147,27.916648422256397,59.88451658718654,28.99,5.0
103,53.43462144586033,28.96626008205542,56.33894708200546,25.94,5.04
111,56.97161905267199,39.31202015275304,65.28718112223106,21.59,4.88
117,55.60533917460525,29.424236848360483,41.46772378413091,23.1,4.76
129,50.25260886123435,31.292167118574373,52.47581992384386,19.55,4.52
101,51.3700344768268,33.05160619044587,63.65262294441404,21.89,5.08
107,57.291939907929915,34.72377564760261,58.31185176216086,22.73,4.96
90,51.04036018887574,38.89956790473419,46.207028935351964,16.99,5.3
101,55.58468288066568,32.579293034824396,60.406980307221076,25.32,5.08
83,53.719042610922465,37.10238355144748,42.60279011728991,18.2,5.44
95,57.172415027202774,36.16575592467129,70.80493410589597,26.41,5.2
125,58.72872714864301,30.712574235036453,45.53743685915722,22.59,4.6
106,53.267876686579804,34.71449240006688,69.71259002138576,22.56,4.98
81,53.3415292528409,31.0794382276303,49.18517149511819,24.18,5.48
93,50.1201031754841,25.923135960279737,68.73698191254061,30.87,5.24
