filename,width,height,class,xmin,ymin,xmax,ymax
mold_image_0018_png.rf.1b2da96ecdde6c7ee506ba427ad94b30.jpg,416,416,mold,152,117,278,205
mold_image_0018_png.rf.1b2da96ecdde6c7ee506ba427ad94b30.jpg,416,416,mold,275,165,301,261
mold_image_0018_png.rf.1b2da96ecdde6c7ee506ba427ad94b30.jpg,416,416,mold,197,270,215,296
B68B8B9634896_jpg.rf.082224b2074af5b72fa66afff765baab.jpg,416,416,no-mold,91,96,322,334
mold_image_0000_png.rf.086c392159d4898a02ae99465876cdd7.jpg,416,416,no-mold,42,129,355,322
mold_image_0000_png.rf.086c392159d4898a02ae99465876cdd7.jpg,416,416,mold,66,114,327,284
mold_image_0000_png.rf.086c392159d4898a02ae99465876cdd7.jpg,416,416,no-mold,122,116,294,140
mold_image_0010_png.rf.06ec37ad8e083f18f9cc42205881327a.jpg,416,416,no-mold,132,19,315,348
mold_image_0010_png.rf.06ec37ad8e083f18f9cc42205881327a.jpg,416,416,mold,124,287,235,324
mold_image_0010_png.rf.06ec37ad8e083f18f9cc42205881327a.jpg,416,416,mold,155,87,240,288
mold_image_0010_png.rf.06ec37ad8e083f18f9cc42205881327a.jpg,416,416,mold,124,180,160,289
mold_image_0010_png.rf.06ec37ad8e083f18f9cc42205881327a.jpg,416,416,mold,124,97,168,174
mold_image_0010_png.rf.06ec37ad8e083f18f9cc42205881327a.jpg,416,416,mold,238,196,282,276
mold_image_0010_png.rf.06ec37ad8e083f18f9cc42205881327a.jpg,416,416,mold,168,173,283,197
mold_image_0010_png.rf.06ec37ad8e083f18f9cc42205881327a.jpg,416,416,mold,230,97,274,176
mold_image_0010_png.rf.06ec37ad8e083f18f9cc42205881327a.jpg,416,416,no-mold,112,70,141,282
B68B8B9634279_jpg.rf.01d8af1917ecfd80db8d9d74110d6c8c.jpg,416,416,no-mold,94,86,251,358
image_0026_png.rf.1d91236e066049eda2a5f5b9c4a683c9.jpg,416,416,background,0,0,139,410
image_0026_png.rf.1d91236e066049eda2a5f5b9c4a683c9.jpg,416,416,background,152,0,416,416
A68A8A2429207_jpg.rf.08f03884539de43f9a8f7df079e475b6.jpg,416,416,no-mold,155,138,310,300
A68A8A2429207_jpg.rf.08f03884539de43f9a8f7df079e475b6.jpg,416,416,no-mold,98,104,223,390
mold_image_0027_png.rf.0e441fc651983a9537efa7c28d1e5577.jpg,416,416,mold,53,61,331,318
mold_image_0027_png.rf.0e441fc651983a9537efa7c28d1e5577.jpg,416,416,mold,155,94,336,382
mold_image_0027_png.rf.0e441fc651983a9537efa7c28d1e5577.jpg,416,416,no-mold,149,143,254,280
mold_image_0028_png.rf.0da58798cc7393264fdc20ff118eb80c.jpg,416,416,mold,78,96,286,331
mold_image_0028_png.rf.0da58798cc7393264fdc20ff118eb80c.jpg,416,416,no-mold,201,77,322,298
C20230418_092252_jpg.rf.0bc585887a607a0cc9258a3b6a588294.jpg,416,416,no-mold,99,105,348,342
CMG_20230418_092017_jpg.rf.1f99bb1565a46be24813c0f30bf9c462.jpg,416,416,no-mold,38,134,332,254
CMG_20230418_092017_jpg.rf.1f99bb1565a46be24813c0f30bf9c462.jpg,416,416,no-mold,66,247,351,364
mold_image_0012_png.rf.21e5a5390540f74b12c5e2ca153adf10.jpg,416,416,mold,72,48,349,309
mold_image_0026_png.rf.259ccb445643bfafaf0605e5231f96fc.jpg,416,416,mold,117,45,274,346
mold_image_0026_png.rf.259ccb445643bfafaf0605e5231f96fc.jpg,416,416,no-mold,216,157,275,313
mold_image_0026_png.rf.259ccb445643bfafaf0605e5231f96fc.jpg,416,416,no-mold,240,150,330,342
A68A8A2429976_jpg.rf.35237f68abe33df32064a70e0e7a9754.jpg,416,416,no-mold,135,99,293,351
B68B8B96347B8_jpg.rf.22e62183ce09414d8c850e87845c7bc8.jpg,416,416,no-mold,129,11,271,409
mold_image_0005_png.rf.34397821845b435d526ab26c56496995.jpg,416,416,mold,159,79,198,137
mold_image_0005_png.rf.34397821845b435d526ab26c56496995.jpg,416,416,mold,94,114,147,220
mold_image_0005_png.rf.34397821845b435d526ab26c56496995.jpg,416,416,mold,137,140,184,238
mold_image_0005_png.rf.34397821845b435d526ab26c56496995.jpg,416,416,mold,198,149,238,279
mold_image_0005_png.rf.34397821845b435d526ab26c56496995.jpg,416,416,mold,240,160,288,279
mold_image_0005_png.rf.34397821845b435d526ab26c56496995.jpg,416,416,mold,262,118,399,227
mold_image_0005_png.rf.34397821845b435d526ab26c56496995.jpg,416,416,no-mold,174,60,294,133
CMG_20230418_091643_jpg.rf.23c13318ad34a8b0a5012c0404f47cc4.jpg,416,416,no-mold,49,120,310,237
CMG_20230418_091643_jpg.rf.23c13318ad34a8b0a5012c0404f47cc4.jpg,416,416,no-mold,82,178,416,351
mold_image_0030_png.rf.245303b77a62fe60c60315f117f31866.jpg,416,416,mold,14,90,335,344
mold_image_0030_png.rf.245303b77a62fe60c60315f117f31866.jpg,416,416,no-mold,179,252,232,305
mold_image_0030_png.rf.245303b77a62fe60c60315f117f31866.jpg,416,416,no-mold,246,134,286,263
mold_image_0004_png.rf.41367724970cce600016cf3c7e975865.jpg,416,416,no-mold,61,92,223,297
mold_image_0004_png.rf.41367724970cce600016cf3c7e975865.jpg,416,416,mold,113,187,212,286
mold_image_0004_png.rf.41367724970cce600016cf3c7e975865.jpg,416,416,mold,92,151,135,208
mold_image_0004_png.rf.41367724970cce600016cf3c7e975865.jpg,416,416,mold,177,152,272,267
mold_image_0004_png.rf.41367724970cce600016cf3c7e975865.jpg,416,416,mold,234,132,297,175
mold_image_0004_png.rf.41367724970cce600016cf3c7e975865.jpg,416,416,mold,182,283,240,318
B68B8B9634553_jpg.rf.3771078fe57629b229d7cbd9ba2da08a.jpg,416,416,no-mold,87,47,327,304
image_0028_png.rf.40073cab079311bdfb806be6701b9a11.jpg,416,416,background,15,159,416,416
image_0028_png.rf.40073cab079311bdfb806be6701b9a11.jpg,416,416,background,3,0,416,133
A68A8A24294A7_jpg.rf.2a0ead4ad22fc4cf75b11070d56048f0.jpg,416,416,no-mold,59,98,347,303
mold_image_0009_png.rf.3e736525dc5f60c907e456432bcaf63f.jpg,416,416,mold,185,227,289,304
mold_image_0009_png.rf.3e736525dc5f60c907e456432bcaf63f.jpg,416,416,mold,59,180,109,269
mold_image_0009_png.rf.3e736525dc5f60c907e456432bcaf63f.jpg,416,416,no-mold,92,134,343,240
mold_image_0009_png.rf.3e736525dc5f60c907e456432bcaf63f.jpg,416,416,mold,106,153,200,217
mold_image_0009_png.rf.3e736525dc5f60c907e456432bcaf63f.jpg,416,416,mold,286,215,350,311
mold_image_0009_png.rf.3e736525dc5f60c907e456432bcaf63f.jpg,416,416,mold,249,188,300,229
mold_image_0009_png.rf.3e736525dc5f60c907e456432bcaf63f.jpg,416,416,mold,193,175,253,229
mold_image_0009_png.rf.3e736525dc5f60c907e456432bcaf63f.jpg,416,416,no-mold,81,236,210,312
mold_image_0022_png.rf.2347ec23dfbad4ccb0d6f56e1d4c5990.jpg,416,416,mold,115,146,261,205
mold_image_0022_png.rf.2347ec23dfbad4ccb0d6f56e1d4c5990.jpg,416,416,mold,278,202,298,230
mold_image_0022_png.rf.2347ec23dfbad4ccb0d6f56e1d4c5990.jpg,416,416,mold,206,204,289,248
A68A8A2429584_jpg.rf.2828d4b0ba77350c2d486f963ff698c1.jpg,416,416,no-mold,91,40,240,372
A68A8A2429845_jpg.rf.43afb31e0519912824494588fab95a26.jpg,416,416,no-mold,160,96,321,235
A68A8A2429845_jpg.rf.43afb31e0519912824494588fab95a26.jpg,416,416,no-mold,96,157,279,311
CMG_20230418_091843_jpg.rf.2bd95dbb14ad792a98e1b27da353ff07.jpg,416,416,no-mold,0,125,393,330
mold_image_0026_png.rf.239c89a4a2f2e436722bd23340d671aa.jpg,416,416,mold,125,41,285,344
mold_image_0026_png.rf.239c89a4a2f2e436722bd23340d671aa.jpg,416,416,no-mold,202,166,278,314
mold_image_0026_png.rf.239c89a4a2f2e436722bd23340d671aa.jpg,416,416,no-mold,219,163,326,347
B68B8B9634866_jpg.rf.27a24083ad134321029237e1538ba0f2.jpg,416,416,no-mold,92,41,355,305
B68B8B9634866_jpg.rf.27a24083ad134321029237e1538ba0f2.jpg,416,416,background,0,209,93,407
B68B8B9634866_jpg.rf.27a24083ad134321029237e1538ba0f2.jpg,416,416,background,75,369,171,414
B68B8B9634866_jpg.rf.27a24083ad134321029237e1538ba0f2.jpg,416,416,background,220,308,367,398
CMG_20230418_091643_jpg.rf.444f2bf7fdfc5721f5f17529962d20f8.jpg,416,416,no-mold,111,43,250,312
CMG_20230418_091643_jpg.rf.444f2bf7fdfc5721f5f17529962d20f8.jpg,416,416,no-mold,160,80,361,416
A68A8A2429383_jpg.rf.4634e0ae83ced98e27bddd322f863eb1.jpg,416,416,no-mold,77,60,326,358
B68B8B9634553_jpg.rf.38c52b9df701fb87c9fbcfaf54a79f01.jpg,416,416,no-mold,105,76,378,333
mold_image_0012_png.rf.4bd63f8d2a4a27eacc7ad0240f3db7c4.jpg,416,416,mold,64,42,338,301
CMG_20230418_091941_jpg.rf.2a36149709d6a87f80d1f95bbdd35ab8.jpg,416,416,no-mold,11,49,333,358
A68A8A2429543_jpg.rf.6b139de10e595d63ebf7d57bacfca923.jpg,416,416,no-mold,67,102,339,298
mold_image_0009_png.rf.4874daf0e01e8af82c2d3f2e278f4b29.jpg,416,416,mold,124,228,220,293
mold_image_0009_png.rf.4874daf0e01e8af82c2d3f2e278f4b29.jpg,416,416,mold,310,200,349,284
mold_image_0009_png.rf.4874daf0e01e8af82c2d3f2e278f4b29.jpg,416,416,no-mold,72,133,329,222
mold_image_0009_png.rf.4874daf0e01e8af82c2d3f2e278f4b29.jpg,416,416,mold,222,167,310,219
mold_image_0009_png.rf.4874daf0e01e8af82c2d3f2e278f4b29.jpg,416,416,mold,66,201,118,292
mold_image_0009_png.rf.4874daf0e01e8af82c2d3f2e278f4b29.jpg,416,416,mold,119,181,166,216
mold_image_0009_png.rf.4874daf0e01e8af82c2d3f2e278f4b29.jpg,416,416,mold,168,176,221,223
mold_image_0009_png.rf.4874daf0e01e8af82c2d3f2e278f4b29.jpg,416,416,no-mold,194,240,324,311
mold_image_0001_png.rf.2bb61a39e89bcaa700d191aba10c44fe.jpg,416,416,mold,57,76,370,341
image_0026_png.rf.5431c8ee52531e0102f727fa3df263b4.jpg,416,416,background,16,0,416,158
image_0026_png.rf.5431c8ee52531e0102f727fa3df263b4.jpg,416,416,background,0,134,416,416
mold_image_0012_png.rf.4fa7d9daab29ad4c67b673e192530bb6.jpg,416,416,mold,110,65,371,341
mold_image_0015_png.rf.5688570e7bb6b25cc6a83709dc32a342.jpg,416,416,no-mold,78,108,282,285
mold_image_0015_png.rf.5688570e7bb6b25cc6a83709dc32a342.jpg,416,416,mold,141,178,306,280
mold_image_0005_png.rf.1e9787402a1385eed3bc969bea283ec1.jpg,416,416,mold,278,154,337,196
mold_image_0005_png.rf.1e9787402a1385eed3bc969bea283ec1.jpg,416,416,mold,192,91,300,147
mold_image_0005_png.rf.1e9787402a1385eed3bc969bea283ec1.jpg,416,416,mold,176,135,276,185
mold_image_0005_png.rf.1e9787402a1385eed3bc969bea283ec1.jpg,416,416,mold,138,196,269,241
mold_image_0005_png.rf.1e9787402a1385eed3bc969bea283ec1.jpg,416,416,mold,139,239,260,291
mold_image_0005_png.rf.1e9787402a1385eed3bc969bea283ec1.jpg,416,416,mold,191,258,304,399
mold_image_0005_png.rf.1e9787402a1385eed3bc969bea283ec1.jpg,416,416,no-mold,284,169,355,291
A68A8A2429576_jpg.rf.5c8960eafb0791fddb6930f0d518930d.jpg,416,416,no-mold,121,39,261,327
mold_image_0023_png.rf.68a401134c32e5a77be839ed95e7a1a3.jpg,416,416,mold,108,36,263,263
mold_image_0023_png.rf.68a401134c32e5a77be839ed95e7a1a3.jpg,416,416,mold,230,95,303,230
mold_image_0023_png.rf.68a401134c32e5a77be839ed95e7a1a3.jpg,416,416,mold,265,226,329,276
mold_image_0023_png.rf.68a401134c32e5a77be839ed95e7a1a3.jpg,416,416,mold,114,252,250,368
B68B8B96347B8_jpg.rf.728c468f16d3ede43b00daefcff4258b.jpg,416,416,no-mold,3,114,416,317
C20230418_092252_jpg.rf.5e79532b46722f9d0d156d08e542efa3.jpg,416,416,no-mold,77,74,320,304
A68A8A2429278_jpg.rf.6f18685ec8edf1ffb024ece1b504f677.jpg,416,416,no-mold,150,0,341,416
mold_image_0001_png.rf.4bdab115405160ed16221c0c1f08f01c.jpg,416,416,mold,74,55,343,372
image_0027_png.rf.45094fa33271c0095888dd0f46632607.jpg,416,416,background,0,0,124,416
image_0027_png.rf.45094fa33271c0095888dd0f46632607.jpg,416,416,background,168,0,416,416
mold_image_0010_png.rf.7170681de86e233891c264962eda0d4b.jpg,416,416,no-mold,70,139,399,315
mold_image_0010_png.rf.7170681de86e233891c264962eda0d4b.jpg,416,416,mold,96,121,129,231
mold_image_0010_png.rf.7170681de86e233891c264962eda0d4b.jpg,416,416,mold,130,159,328,236
mold_image_0010_png.rf.7170681de86e233891c264962eda0d4b.jpg,416,416,mold,131,125,238,157
mold_image_0010_png.rf.7170681de86e233891c264962eda0d4b.jpg,416,416,mold,245,128,321,169
mold_image_0010_png.rf.7170681de86e233891c264962eda0d4b.jpg,416,416,mold,139,239,218,280
mold_image_0010_png.rf.7170681de86e233891c264962eda0d4b.jpg,416,416,mold,221,169,241,283
mold_image_0010_png.rf.7170681de86e233891c264962eda0d4b.jpg,416,416,mold,240,234,318,275
mold_image_0010_png.rf.7170681de86e233891c264962eda0d4b.jpg,416,416,no-mold,137,115,349,142
mold_image_0018_png.rf.7124fae3bb28d4fc8a6e04bb8199cfb2.jpg,416,416,mold,154,212,285,298
mold_image_0018_png.rf.7124fae3bb28d4fc8a6e04bb8199cfb2.jpg,416,416,mold,271,149,302,244
mold_image_0018_png.rf.7124fae3bb28d4fc8a6e04bb8199cfb2.jpg,416,416,mold,191,120,207,147
B68B8B9634866_jpg.rf.76ea50e42c88b1358a3b45875c72dc92.jpg,416,416,no-mold,43,93,303,352
B68B8B9634866_jpg.rf.76ea50e42c88b1358a3b45875c72dc92.jpg,416,416,background,212,0,409,94
B68B8B9634866_jpg.rf.76ea50e42c88b1358a3b45875c72dc92.jpg,416,416,background,371,78,415,174
B68B8B9634866_jpg.rf.76ea50e42c88b1358a3b45875c72dc92.jpg,416,416,background,308,223,395,369
B68B8B9634348_jpg.rf.7ded7f0c247275aa6064834f8ec13b26.jpg,416,416,no-mold,1,134,397,257
mold_image_0013_png.rf.80166307ce4554568f3221c00e5eae07.jpg,416,416,no-mold,36,75,357,391
mold_image_0013_png.rf.80166307ce4554568f3221c00e5eae07.jpg,416,416,mold,62,69,326,338
A68A8A2429576_jpg.rf.86e22c25e08f5f365a36351ce91f56b8.jpg,416,416,no-mold,29,135,332,309
CMG_20230418_091941_jpg.rf.744fd06c8a2aaadc2026fcfa927503f1.jpg,416,416,no-mold,65,103,329,383
mold_image_0027_png.rf.7c8c6af323881a5418ebff69738fa74a.jpg,416,416,mold,61,85,322,362
mold_image_0027_png.rf.7c8c6af323881a5418ebff69738fa74a.jpg,416,416,mold,87,76,380,255
mold_image_0027_png.rf.7c8c6af323881a5418ebff69738fa74a.jpg,416,416,no-mold,142,159,281,268
A68A8A24299A7_jpg.rf.8615aa13ed330677934081bfd5eb438d.jpg,416,416,no-mold,4,137,368,265
B68B8B9634553_jpg.rf.6cae1e96739fa49d590a87fc6ea1685a.jpg,416,416,no-mold,109,84,374,333
mold_image_0000_png.rf.8647ed28a970fdeff7f01b09a1e0982c.jpg,416,416,no-mold,107,63,322,364
mold_image_0000_png.rf.8647ed28a970fdeff7f01b09a1e0982c.jpg,416,416,mold,95,77,300,359
mold_image_0000_png.rf.8647ed28a970fdeff7f01b09a1e0982c.jpg,416,416,no-mold,105,113,150,281
CMG_20230418_091843_jpg.rf.91493b994fef4fe330d02d7eacd11653.jpg,416,416,no-mold,64,14,315,416
A68A8A24299A7_jpg.rf.7ec5818716f656d230acf21d22f9e413.jpg,416,416,no-mold,125,44,296,416
CMG_20230418_092049_jpg.rf.938c236ec71c3808bf2fed23c89d93eb.jpg,416,416,no-mold,85,50,332,314
A68A8A2429278_jpg.rf.814b05c3eb8df5ba16addb37f091fc59.jpg,416,416,no-mold,95,0,243,416
A68A8A2429383_jpg.rf.8918eefb5477fad994578eca7efc2d3d.jpg,416,416,no-mold,64,95,354,334
mold_image_0001_png.rf.a5abdbcec4313bb4e0e196bdd7c3e64c.jpg,416,416,mold,71,42,346,363
mold_image_0031_png.rf.8fca769ae69b5f076445186281673102.jpg,416,416,mold,31,62,354,368
mold_image_0031_png.rf.8fca769ae69b5f076445186281673102.jpg,416,416,mold,141,49,363,245
mold_image_0031_png.rf.8fca769ae69b5f076445186281673102.jpg,416,416,no-mold,176,198,232,257
image_0027_png.rf.934f06d4b7f6596a6be9a362a5e684fe.jpg,416,416,background,4,0,416,135
image_0027_png.rf.934f06d4b7f6596a6be9a362a5e684fe.jpg,416,416,background,0,157,416,416
CMG_20230418_091643_jpg.rf.9196cf64e215e6759a64781fd3d64cd3.jpg,416,416,no-mold,118,48,240,310
CMG_20230418_091643_jpg.rf.9196cf64e215e6759a64781fd3d64cd3.jpg,416,416,no-mold,174,81,353,416
mold_image_0013_png.rf.9293dc8791aefd8808b2c1c8cc7f02ca.jpg,416,416,no-mold,63,25,378,352
mold_image_0013_png.rf.9293dc8791aefd8808b2c1c8cc7f02ca.jpg,416,416,mold,94,79,357,341
B68B8B9634348_jpg.rf.5ae5f939bbca4e2e5a2a02a270f47b6c.jpg,416,416,no-mold,21,163,415,279
mold_image_0028_png.rf.9ec263614d3ebbdb648f66f03a8eb643.jpg,416,416,mold,95,82,328,277
mold_image_0028_png.rf.9ec263614d3ebbdb648f66f03a8eb643.jpg,416,416,no-mold,83,219,311,317
A68A8A2429584_jpg.rf.a20ff4b1b7755e063e6597e76b3a2286.jpg,416,416,no-mold,99,46,232,372
mold_image_0030_png.rf.a763d3f6051140d7cc0ab237a1373065.jpg,416,416,mold,77,92,398,361
mold_image_0030_png.rf.a763d3f6051140d7cc0ab237a1373065.jpg,416,416,no-mold,174,252,229,304
mold_image_0030_png.rf.a763d3f6051140d7cc0ab237a1373065.jpg,416,416,no-mold,133,125,167,257
CMG_20230418_092017_jpg.rf.968cbc2871260851c393425cceed7bb3.jpg,416,416,no-mold,79,136,388,301
CMG_20230418_092017_jpg.rf.968cbc2871260851c393425cceed7bb3.jpg,416,416,no-mold,42,33,343,193
CMG_20230418_092049_jpg.rf.aa296e4c21556cba4bb7285e73c57645.jpg,416,416,no-mold,104,117,320,353
A68A8A2429584_jpg.rf.982405b517ed60d66328eb72fbc1b7cc.jpg,416,416,no-mold,35,168,373,333
B68B8B9634866_jpg.rf.8a7fedf798abfb631c91e0d0ba625300.jpg,416,416,no-mold,121,72,368,319
B68B8B9634866_jpg.rf.8a7fedf798abfb631c91e0d0ba625300.jpg,416,416,background,0,322,193,416
B68B8B9634866_jpg.rf.8a7fedf798abfb631c91e0d0ba625300.jpg,416,416,background,0,234,39,328
B68B8B9634866_jpg.rf.8a7fedf798abfb631c91e0d0ba625300.jpg,416,416,background,30,42,110,183
A68A8A2429543_jpg.rf.a3c8808be297aceb4dd6967a04e1d327.jpg,416,416,no-mold,116,76,317,351
mold_image_0011_png.rf.a6a214e75df711b0a40b0383561c17e9.jpg,416,416,mold,243,70,346,301
mold_image_0011_png.rf.a6a214e75df711b0a40b0383561c17e9.jpg,416,416,mold,170,47,230,112
mold_image_0011_png.rf.a6a214e75df711b0a40b0383561c17e9.jpg,416,416,mold,144,293,300,375
mold_image_0011_png.rf.a6a214e75df711b0a40b0383561c17e9.jpg,416,416,mold,250,218,286,300
mold_image_0011_png.rf.a6a214e75df711b0a40b0383561c17e9.jpg,416,416,mold,113,84,161,148
mold_image_0015_png.rf.aab51cde95ad53f333fdff39fad52fe9.jpg,416,416,no-mold,138,124,333,307
mold_image_0015_png.rf.aab51cde95ad53f333fdff39fad52fe9.jpg,416,416,mold,109,132,268,245
image_0028_png.rf.acf1b8149af4d573896a52d41cd19595.jpg,416,416,background,166,0,416,394
image_0028_png.rf.acf1b8149af4d573896a52d41cd19595.jpg,416,416,background,0,0,126,416
mold_image_0004_png.rf.ab4fb2743b3c2ea2d5841bb779ebe3f8.jpg,416,416,no-mold,113,55,321,204
mold_image_0004_png.rf.ab4fb2743b3c2ea2d5841bb779ebe3f8.jpg,416,416,mold,130,125,215,211
mold_image_0004_png.rf.ab4fb2743b3c2ea2d5841bb779ebe3f8.jpg,416,416,mold,193,92,246,127
mold_image_0004_png.rf.ab4fb2743b3c2ea2d5841bb779ebe3f8.jpg,416,416,mold,159,185,262,263
mold_image_0004_png.rf.ab4fb2743b3c2ea2d5841bb779ebe3f8.jpg,416,416,mold,256,226,289,284
mold_image_0004_png.rf.ab4fb2743b3c2ea2d5841bb779ebe3f8.jpg,416,416,mold,105,200,131,253
mold_image_0010_png.rf.92aad7cb8ab33182c88baa0f095d23d7.jpg,416,416,no-mold,100,16,280,345
mold_image_0010_png.rf.92aad7cb8ab33182c88baa0f095d23d7.jpg,416,416,mold,186,286,297,321
mold_image_0010_png.rf.92aad7cb8ab33182c88baa0f095d23d7.jpg,416,416,mold,178,88,259,287
mold_image_0010_png.rf.92aad7cb8ab33182c88baa0f095d23d7.jpg,416,416,mold,259,176,293,285
mold_image_0010_png.rf.92aad7cb8ab33182c88baa0f095d23d7.jpg,416,416,mold,246,94,288,171
mold_image_0010_png.rf.92aad7cb8ab33182c88baa0f095d23d7.jpg,416,416,mold,137,199,179,279
mold_image_0010_png.rf.92aad7cb8ab33182c88baa0f095d23d7.jpg,416,416,mold,133,175,247,197
mold_image_0010_png.rf.92aad7cb8ab33182c88baa0f095d23d7.jpg,416,416,mold,140,99,182,178
mold_image_0010_png.rf.92aad7cb8ab33182c88baa0f095d23d7.jpg,416,416,no-mold,273,66,300,277
C20230418_092252_jpg.rf.a85df4a626df8ebb968dff7c6d430aac.jpg,416,416,no-mold,89,87,291,304
mold_image_0027_png.rf.ae7d53607962807e37343c691a9e8b43.jpg,416,416,mold,56,84,326,359
mold_image_0027_png.rf.ae7d53607962807e37343c691a9e8b43.jpg,416,416,mold,78,69,374,247
mold_image_0027_png.rf.ae7d53607962807e37343c691a9e8b43.jpg,416,416,no-mold,142,155,281,270
B68B8B9634896_jpg.rf.b17f473bfcc820f567542fdfa793f118.jpg,416,416,no-mold,87,85,344,336
image_0028_png.rf.adc5f16c2a792545ea45f9bc4e0c82df.jpg,416,416,background,18,144,416,416
image_0028_png.rf.adc5f16c2a792545ea45f9bc4e0c82df.jpg,416,416,background,0,0,406,148
B68B8B9634279_jpg.rf.afe02ad03f6270fec56b55a9d97447d3.jpg,416,416,no-mold,56,173,320,308
mold_image_0030_png.rf.b5e9a7eb6e5411a3f24f26cd15752ce0.jpg,416,416,mold,93,77,363,398
mold_image_0030_png.rf.b5e9a7eb6e5411a3f24f26cd15752ce0.jpg,416,416,no-mold,252,173,304,228
mold_image_0030_png.rf.b5e9a7eb6e5411a3f24f26cd15752ce0.jpg,416,416,no-mold,124,133,256,167
B68B8B9634348_jpg.rf.b4bccd35e70744a60772deed32f88642.jpg,416,416,no-mold,118,0,275,399
mold_image_0000_png.rf.ab776e8937adc19d28f0f8df68011981.jpg,416,416,no-mold,61,129,374,322
mold_image_0000_png.rf.ab776e8937adc19d28f0f8df68011981.jpg,416,416,mold,89,114,350,284
mold_image_0000_png.rf.ab776e8937adc19d28f0f8df68011981.jpg,416,416,no-mold,122,116,294,140
B68B8B9634896_jpg.rf.b09ea53ede83c84cf38a5fcc78db6712.jpg,416,416,no-mold,89,76,332,326
mold_image_0031_png.rf.b493d66d4bb9266718e53b474c2c290b.jpg,416,416,mold,45,29,357,352
mold_image_0031_png.rf.b493d66d4bb9266718e53b474c2c290b.jpg,416,416,mold,164,149,369,362
mold_image_0031_png.rf.b493d66d4bb9266718e53b474c2c290b.jpg,416,416,no-mold,159,175,218,231
mold_image_0025_png.rf.b787bdfe58d4c25f9347a207de14800b.jpg,416,416,mold,272,126,314,201
mold_image_0025_png.rf.b787bdfe58d4c25f9347a207de14800b.jpg,416,416,mold,105,212,321,330
mold_image_0025_png.rf.b787bdfe58d4c25f9347a207de14800b.jpg,416,416,mold,149,128,225,218
mold_image_0025_png.rf.b787bdfe58d4c25f9347a207de14800b.jpg,416,416,mold,177,90,269,136
mold_image_0025_png.rf.b787bdfe58d4c25f9347a207de14800b.jpg,416,416,mold,86,111,163,269
mold_image_0025_png.rf.b787bdfe58d4c25f9347a207de14800b.jpg,416,416,mold,91,108,152,149
mold_image_0025_png.rf.b787bdfe58d4c25f9347a207de14800b.jpg,416,416,no-mold,154,179,315,315
mold_image_0005_png.rf.cba6d38f31337868ccc03c3a2a3a3515.jpg,416,416,mold,270,230,334,279
mold_image_0005_png.rf.cba6d38f31337868ccc03c3a2a3a3515.jpg,416,416,mold,177,267,290,337
mold_image_0005_png.rf.cba6d38f31337868ccc03c3a2a3a3515.jpg,416,416,mold,167,227,272,290
mold_image_0005_png.rf.cba6d38f31337868ccc03c3a2a3a3515.jpg,416,416,mold,137,166,272,228
mold_image_0005_png.rf.cba6d38f31337868ccc03c3a2a3a3515.jpg,416,416,mold,144,117,270,185
mold_image_0005_png.rf.cba6d38f31337868ccc03c3a2a3a3515.jpg,416,416,mold,199,17,329,171
mold_image_0005_png.rf.cba6d38f31337868ccc03c3a2a3a3515.jpg,416,416,no-mold,286,139,354,267
A68A8A2429976_jpg.rf.c61cd23054001aae9c811779b8904c6b.jpg,416,416,no-mold,121,64,283,319
image_0027_png.rf.ae67f8aa84a6f4f25e2592ae608e9e90.jpg,416,416,background,285,3,416,416
image_0027_png.rf.ae67f8aa84a6f4f25e2592ae608e9e90.jpg,416,416,background,0,0,255,416
CMG_20230418_092017_jpg.rf.af3bd9a696ea5212c27261a4f816cb57.jpg,416,416,no-mold,33,126,335,266
CMG_20230418_092017_jpg.rf.af3bd9a696ea5212c27261a4f816cb57.jpg,416,416,no-mold,69,236,362,373
mold_image_0011_png.rf.c285b948803e77a67b49f403d393d4df.jpg,416,416,mold,68,73,164,307
mold_image_0011_png.rf.c285b948803e77a67b49f403d393d4df.jpg,416,416,mold,178,45,235,113
mold_image_0011_png.rf.c285b948803e77a67b49f403d393d4df.jpg,416,416,mold,122,299,280,376
mold_image_0011_png.rf.c285b948803e77a67b49f403d393d4df.jpg,416,416,mold,131,223,172,303
mold_image_0011_png.rf.c285b948803e77a67b49f403d393d4df.jpg,416,416,mold,248,80,298,144
mold_image_0013_png.rf.be0563ff85f2c22f680d457ec66d3108.jpg,416,416,no-mold,36,25,356,345
mold_image_0013_png.rf.be0563ff85f2c22f680d457ec66d3108.jpg,416,416,mold,61,78,325,346
A68A8A2429543_jpg.rf.ce42aa6ae43234bef8af92f1ae097338.jpg,416,416,no-mold,62,111,344,321
mold_image_0022_png.rf.b97ac57ae9383658d75d575696205929.jpg,416,416,mold,147,133,300,213
mold_image_0022_png.rf.b97ac57ae9383658d75d575696205929.jpg,416,416,mold,118,213,142,244
mold_image_0022_png.rf.b97ac57ae9383658d75d575696205929.jpg,416,416,mold,127,204,217,261
mold_image_0009_png.rf.d8416abd87c4e4c6a25b46023d46fd1c.jpg,416,416,mold,117,126,189,227
mold_image_0009_png.rf.d8416abd87c4e4c6a25b46023d46fd1c.jpg,416,416,mold,142,309,229,355
mold_image_0009_png.rf.d8416abd87c4e4c6a25b46023d46fd1c.jpg,416,416,no-mold,183,72,281,326
mold_image_0009_png.rf.d8416abd87c4e4c6a25b46023d46fd1c.jpg,416,416,mold,199,219,258,311
mold_image_0009_png.rf.d8416abd87c4e4c6a25b46023d46fd1c.jpg,416,416,mold,113,66,207,126
mold_image_0009_png.rf.d8416abd87c4e4c6a25b46023d46fd1c.jpg,416,416,mold,192,117,231,167
mold_image_0009_png.rf.d8416abd87c4e4c6a25b46023d46fd1c.jpg,416,416,mold,190,165,242,223
mold_image_0009_png.rf.d8416abd87c4e4c6a25b46023d46fd1c.jpg,416,416,no-mold,104,201,178,331
CMG_20230418_091843_jpg.rf.d53155cfb538b4480f91c6baad2e6b05.jpg,416,416,no-mold,90,0,360,405
mold_image_0025_png.rf.c4dc9f36c691c9543874467d5421b906.jpg,416,416,mold,101,213,143,289
mold_image_0025_png.rf.c4dc9f36c691c9543874467d5421b906.jpg,416,416,mold,96,87,313,205
mold_image_0025_png.rf.c4dc9f36c691c9543874467d5421b906.jpg,416,416,mold,190,198,267,288
mold_image_0025_png.rf.c4dc9f36c691c9543874467d5421b906.jpg,416,416,mold,146,280,237,326
mold_image_0025_png.rf.c4dc9f36c691c9543874467d5421b906.jpg,416,416,mold,253,149,330,306
mold_image_0025_png.rf.c4dc9f36c691c9543874467d5421b906.jpg,416,416,mold,263,269,324,309
mold_image_0025_png.rf.c4dc9f36c691c9543874467d5421b906.jpg,416,416,no-mold,101,101,263,236
A68A8A24294A7_jpg.rf.cc3733afa4e2dba1cb77633a05f1d424.jpg,416,416,no-mold,48,96,355,332
CMG_20230418_092049_jpg.rf.c29b05341ca0305cf3f4b85252c9bb7f.jpg,416,416,no-mold,48,84,315,334
A68A8A2429576_jpg.rf.e34c0b2aba132f89ef0d78b88d85b5cc.jpg,416,416,no-mold,34,115,329,270
A68A8A2429845_jpg.rf.d84c39101de20e9f92352b5eb90f0c6c.jpg,416,416,no-mold,164,99,320,233
A68A8A2429845_jpg.rf.d84c39101de20e9f92352b5eb90f0c6c.jpg,416,416,no-mold,98,160,276,307
mold_image_0018_png.rf.db5bb2dd8adec1ffe5f760e75fbe14c3.jpg,416,416,mold,211,153,299,280
mold_image_0018_png.rf.db5bb2dd8adec1ffe5f760e75fbe14c3.jpg,416,416,mold,154,274,250,301
mold_image_0018_png.rf.db5bb2dd8adec1ffe5f760e75fbe14c3.jpg,416,416,mold,120,196,146,213
mold_image_0011_png.rf.dfb326515d7f51d73fe939d53a98808c.jpg,416,416,mold,236,67,346,296
mold_image_0011_png.rf.dfb326515d7f51d73fe939d53a98808c.jpg,416,416,mold,161,49,224,111
mold_image_0011_png.rf.dfb326515d7f51d73fe939d53a98808c.jpg,416,416,mold,151,288,305,374
mold_image_0011_png.rf.dfb326515d7f51d73fe939d53a98808c.jpg,416,416,mold,254,215,289,298
mold_image_0011_png.rf.dfb326515d7f51d73fe939d53a98808c.jpg,416,416,mold,110,88,156,153
A68A8A2429845_jpg.rf.dd2926864824b7d407a6f355e51c6160.jpg,416,416,no-mold,177,148,334,323
A68A8A2429845_jpg.rf.dd2926864824b7d407a6f355e51c6160.jpg,416,416,no-mold,93,92,267,291
B68B8B9634279_jpg.rf.dde2a431d7863503f36b68ac24509122.jpg,416,416,no-mold,60,180,319,302
mold_image_0028_png.rf.bfd6f31aac8d77a2f7f073b774c8607f.jpg,416,416,mold,89,134,321,336
mold_image_0028_png.rf.bfd6f31aac8d77a2f7f073b774c8607f.jpg,416,416,no-mold,110,98,336,205
mold_image_0031_png.rf.e82ac413e9eeca81cd98dc7868231b33.jpg,416,416,mold,64,60,386,370
mold_image_0031_png.rf.e82ac413e9eeca81cd98dc7868231b33.jpg,416,416,mold,53,47,270,249
mold_image_0031_png.rf.e82ac413e9eeca81cd98dc7868231b33.jpg,416,416,no-mold,185,198,241,257
image_0026_png.rf.cfbebc8b34fafd461dd1c1e5b341e6f5.jpg,416,416,background,0,0,124,416
image_0026_png.rf.cfbebc8b34fafd461dd1c1e5b341e6f5.jpg,416,416,background,166,0,416,416
A68A8A24294A7_jpg.rf.ea354bd29309047728ced30c300665d3.jpg,416,416,no-mold,106,75,297,353
B68B8B96347B8_jpg.rf.ebbd858469714c0e5b259e6aa9cc2ec6.jpg,416,416,no-mold,0,95,416,304
mold_image_0023_png.rf.e4ca9cd8d79300eb6be0ed31024f83a7.jpg,416,416,mold,149,165,380,304
mold_image_0023_png.rf.e4ca9cd8d79300eb6be0ed31024f83a7.jpg,416,416,mold,188,119,326,185
mold_image_0023_png.rf.e4ca9cd8d79300eb6be0ed31024f83a7.jpg,416,416,mold,147,83,198,149
mold_image_0023_png.rf.e4ca9cd8d79300eb6be0ed31024f83a7.jpg,416,416,mold,45,157,156,296
A68A8A24299A7_jpg.rf.f2ebf8ec39e343aa8ce4fd2c757d5739.jpg,416,416,no-mold,51,156,411,272
mold_image_0026_png.rf.fc2e9cf6b757407c12dc97443dae9a87.jpg,416,416,mold,72,139,372,292
mold_image_0026_png.rf.fc2e9cf6b757407c12dc97443dae9a87.jpg,416,416,no-mold,102,142,255,205
mold_image_0026_png.rf.fc2e9cf6b757407c12dc97443dae9a87.jpg,416,416,no-mold,72,87,261,183
A68A8A2429976_jpg.rf.e7d2614b25e1b6629764dfb074d9c643.jpg,416,416,no-mold,106,89,294,358
A68A8A2429207_jpg.rf.d8e1c6cb99a870c1490c3454b94171e9.jpg,416,416,no-mold,156,138,310,300
A68A8A2429207_jpg.rf.d8e1c6cb99a870c1490c3454b94171e9.jpg,416,416,no-mold,98,104,223,390
mold_image_0025_png.rf.ea14bc5c6beb4c8a90886fabd9f377c1.jpg,416,416,mold,100,202,137,280
mold_image_0025_png.rf.ea14bc5c6beb4c8a90886fabd9f377c1.jpg,416,416,mold,104,86,322,215
mold_image_0025_png.rf.ea14bc5c6beb4c8a90886fabd9f377c1.jpg,416,416,mold,183,196,262,286
mold_image_0025_png.rf.ea14bc5c6beb4c8a90886fabd9f377c1.jpg,416,416,mold,135,282,225,327
mold_image_0025_png.rf.ea14bc5c6beb4c8a90886fabd9f377c1.jpg,416,416,mold,253,162,333,313
mold_image_0025_png.rf.ea14bc5c6beb4c8a90886fabd9f377c1.jpg,416,416,mold,252,278,316,317
mold_image_0025_png.rf.ea14bc5c6beb4c8a90886fabd9f377c1.jpg,416,416,no-mold,103,101,272,229
A68A8A2429207_jpg.rf.cbcf6c66fafebcdd654c0d5a8e395837.jpg,416,416,no-mold,110,96,290,269
A68A8A2429207_jpg.rf.cbcf6c66fafebcdd654c0d5a8e395837.jpg,416,416,no-mold,14,171,313,330
mold_image_0023_png.rf.f0482d45f5155f52a9d6fe6086c62273.jpg,416,416,mold,112,149,251,380
mold_image_0023_png.rf.f0482d45f5155f52a9d6fe6086c62273.jpg,416,416,mold,231,188,297,326
mold_image_0023_png.rf.f0482d45f5155f52a9d6fe6086c62273.jpg,416,416,mold,267,147,333,198
mold_image_0023_png.rf.f0482d45f5155f52a9d6fe6086c62273.jpg,416,416,mold,120,45,259,156
mold_image_0022_png.rf.fc56acb3272620d2a40a290024d609ea.jpg,416,416,mold,134,148,212,301
mold_image_0022_png.rf.fc56acb3272620d2a40a290024d609ea.jpg,416,416,mold,211,118,242,142
mold_image_0022_png.rf.fc56acb3272620d2a40a290024d609ea.jpg,416,416,mold,204,127,259,216
CMG_20230418_091941_jpg.rf.f56c73092736b1679e1326e2e7851321.jpg,416,416,no-mold,31,84,316,353
A68A8A2429278_jpg.rf.ee52df0c9a2c69cec9397458e80d0bf5.jpg,416,416,no-mold,102,0,237,416
mold_image_0015_png.rf.e54f939c1afcecb2f6a29509bfb40247.jpg,416,416,no-mold,132,135,341,309
mold_image_0015_png.rf.e54f939c1afcecb2f6a29509bfb40247.jpg,416,416,mold,110,138,278,237
A68A8A2429383_jpg.rf.fa7e0923ef698764a3891f8bf07af3b5.jpg,416,416,no-mold,68,53,336,366
mold_image_0004_png.rf.faf7848eaacf38e2574a3107e608d8d3.jpg,416,416,no-mold,50,99,197,306
mold_image_0004_png.rf.faf7848eaacf38e2574a3107e608d8d3.jpg,416,416,mold,125,201,222,297
mold_image_0004_png.rf.faf7848eaacf38e2574a3107e608d8d3.jpg,416,416,mold,88,183,130,239
mold_image_0004_png.rf.faf7848eaacf38e2574a3107e608d8d3.jpg,416,416,mold,178,148,270,261
mold_image_0004_png.rf.faf7848eaacf38e2574a3107e608d8d3.jpg,416,416,mold,214,118,276,159
mold_image_0004_png.rf.faf7848eaacf38e2574a3107e608d8d3.jpg,416,416,mold,211,278,268,311